files_list,image_name,identity_name,enrolled,ethnicity,Age,Identity,UnifiedQualityScore.scalar
African_m.012mh_/m.012mh__0001.jpg/m.012mh__0001.jpg,m.012mh__0001,m.012mh_,enrolled,African,24,m.012mh_,59.0
African_m.012mh_/m.012mh__0005.jpg/m.012mh__0005.jpg,m.012mh__0005,m.012mh_,enrolled,African,24,m.012mh_,46.0
African_m.01c_3f/m.01c_3f_0002.jpg/m.01c_3f_0002.jpg,m.01c_3f_0002,m.01c_3f,enrolled,African,43,m.01c_3f,19.0
African_m.01c_3f/m.01c_3f_0003.jpg/m.01c_3f_0003.jpg,m.01c_3f_0003,m.01c_3f,enrolled,African,33,m.01c_3f,49.0
African_m.01jq08_/m.01jq08__0001.jpg/m.01jq08__0001.jpg,m.01jq08__0001,m.01jq08_,enrolled,African,41,m.01jq08_,23.0
African_m.01jq08_/m.01jq08__0003.jpg/m.01jq08__0003.jpg,m.01jq08__0003,m.01jq08_,enrolled,African,38,m.01jq08_,31.0
African_m.01jr5w/m.01jr5w_0001.jpg/m.01jr5w_0001.jpg,m.01jr5w_0001,m.01jr5w,enrolled,African,31,m.01jr5w,37.0
African_m.01jr5w/m.01jr5w_0002.jpg/m.01jr5w_0002.jpg,m.01jr5w_0002,m.01jr5w,enrolled,African,24,m.01jr5w,16.0
African_m.01mm508/m.01mm508_0002.jpg/m.01mm508_0002.jpg,m.01mm508_0002,m.01mm508,enrolled,African,41,m.01mm508,27.0
African_m.01mm508/m.01mm508_0003.jpg/m.01mm508_0003.jpg,m.01mm508_0003,m.01mm508,enrolled,African,39,m.01mm508,49.0
African_m.01nk6j7/m.01nk6j7_0001.jpg/m.01nk6j7_0001.jpg,m.01nk6j7_0001,m.01nk6j7,enrolled,African,38,m.01nk6j7,25.0
African_m.01nk6j7/m.01nk6j7_0002.jpg/m.01nk6j7_0002.jpg,m.01nk6j7_0002,m.01nk6j7,enrolled,African,32,m.01nk6j7,18.0
African_m.01pvn0z/m.01pvn0z_0001.jpg/m.01pvn0z_0001.jpg,m.01pvn0z_0001,m.01pvn0z,enrolled,African,45,m.01pvn0z,36.0
African_m.01pvn0z/m.01pvn0z_0005.jpg/m.01pvn0z_0005.jpg,m.01pvn0z_0005,m.01pvn0z,enrolled,African,25,m.01pvn0z,13.0
African_m.01q5qp8/m.01q5qp8_0002.jpg/m.01q5qp8_0002.jpg,m.01q5qp8_0002,m.01q5qp8,enrolled,African,55,m.01q5qp8,56.0
African_m.01q5qp8/m.01q5qp8_0003.jpg/m.01q5qp8_0003.jpg,m.01q5qp8_0003,m.01q5qp8,enrolled,African,47,m.01q5qp8,14.0
African_m.01rz7d/m.01rz7d_0001.jpg/m.01rz7d_0001.jpg,m.01rz7d_0001,m.01rz7d,enrolled,African,23,m.01rz7d,10.0
African_m.01rz7d/m.01rz7d_0003.jpg/m.01rz7d_0003.jpg,m.01rz7d_0003,m.01rz7d,enrolled,African,31,m.01rz7d,50.0
African_m.01sgd8/m.01sgd8_0002.jpg/m.01sgd8_0002.jpg,m.01sgd8_0002,m.01sgd8,enrolled,African,51,m.01sgd8,74.0
African_m.01sgd8/m.01sgd8_0005.jpg/m.01sgd8_0005.jpg,m.01sgd8_0005,m.01sgd8,enrolled,African,47,m.01sgd8,63.0
African_m.01svhqq/m.01svhqq_0001.jpg/m.01svhqq_0001.jpg,m.01svhqq_0001,m.01svhqq,enrolled,African,33,m.01svhqq,15.0
African_m.01svhqq/m.01svhqq_0002.jpg/m.01svhqq_0002.jpg,m.01svhqq_0002,m.01svhqq,enrolled,African,32,m.01svhqq,65.0
African_m.01vsmzh/m.01vsmzh_0002.jpg/m.01vsmzh_0002.jpg,m.01vsmzh_0002,m.01vsmzh,enrolled,African,33,m.01vsmzh,12.0
African_m.01vsmzh/m.01vsmzh_0003.jpg/m.01vsmzh_0003.jpg,m.01vsmzh_0003,m.01vsmzh,enrolled,African,32,m.01vsmzh,21.0
African_m.01vzx45/m.01vzx45_0002.jpg/m.01vzx45_0002.jpg,m.01vzx45_0002,m.01vzx45,enrolled,African,52,m.01vzx45,49.0
African_m.01vzx45/m.01vzx45_0003.jpg/m.01vzx45_0003.jpg,m.01vzx45_0003,m.01vzx45,enrolled,African,43,m.01vzx45,77.0
African_m.01wxply/m.01wxply_0002.jpg/m.01wxply_0002.jpg,m.01wxply_0002,m.01wxply,enrolled,African,26,m.01wxply,9.0
African_m.01wxply/m.01wxply_0006.jpg/m.01wxply_0006.jpg,m.01wxply_0006,m.01wxply,enrolled,African,32,m.01wxply,6.0
African_m.01y2hn/m.01y2hn_0001.jpg/m.01y2hn_0001.jpg,m.01y2hn_0001,m.01y2hn,enrolled,African,33,m.01y2hn,4.0
African_m.01y2hn/m.01y2hn_0003.jpg/m.01y2hn_0003.jpg,m.01y2hn_0003,m.01y2hn,enrolled,African,33,m.01y2hn,29.0
African_m.020cgm/m.020cgm_0002.jpg/m.020cgm_0002.jpg,m.020cgm_0002,m.020cgm,enrolled,African,30,m.020cgm,18.0
African_m.020cgm/m.020cgm_0003.jpg/m.020cgm_0003.jpg,m.020cgm_0003,m.020cgm,enrolled,African,42,m.020cgm,47.0
African_m.0273qwz/m.0273qwz_0001.jpg/m.0273qwz_0001.jpg,m.0273qwz_0001,m.0273qwz,enrolled,African,30,m.0273qwz,78.0
African_m.0273qwz/m.0273qwz_0001.jpg/m.0273qwz_0001.jpg,m.0273qwz_0001,m.0273qwz,enrolled,African,30,m.0273qwz,78.0
African_m.0273qwz/m.0273qwz_0003.jpg/m.0273qwz_0003.jpg,m.0273qwz_0003,m.0273qwz,enrolled,African,27,m.0273qwz,24.0
African_m.0273qwz/m.0273qwz_0003.jpg/m.0273qwz_0003.jpg,m.0273qwz_0003,m.0273qwz,enrolled,African,27,m.0273qwz,24.0
African_m.02pq9t0/m.02pq9t0_0001.jpg/m.02pq9t0_0001.jpg,m.02pq9t0_0001,m.02pq9t0,enrolled,African,21,m.02pq9t0,48.0
African_m.02pq9t0/m.02pq9t0_0005.jpg/m.02pq9t0_0005.jpg,m.02pq9t0_0005,m.02pq9t0,enrolled,African,27,m.02pq9t0,75.0
African_m.02qlvxk/m.02qlvxk_0001.jpg/m.02qlvxk_0001.jpg,m.02qlvxk_0001,m.02qlvxk,enrolled,African,24,m.02qlvxk,39.0
African_m.02qlvxk/m.02qlvxk_0003.jpg/m.02qlvxk_0003.jpg,m.02qlvxk_0003,m.02qlvxk,enrolled,African,35,m.02qlvxk,39.0
African_m.02qvybd/m.02qvybd_0002.jpg/m.02qvybd_0002.jpg,m.02qvybd_0002,m.02qvybd,enrolled,African,25,m.02qvybd,59.0
African_m.02qvybd/m.02qvybd_0003.jpg/m.02qvybd_0003.jpg,m.02qvybd_0003,m.02qvybd,enrolled,African,26,m.02qvybd,26.0
African_m.02r6dh5/m.02r6dh5_0002.jpg/m.02r6dh5_0002.jpg,m.02r6dh5_0002,m.02r6dh5,enrolled,African,37,m.02r6dh5,69.0
African_m.02r6dh5/m.02r6dh5_0004.jpg/m.02r6dh5_0004.jpg,m.02r6dh5_0004,m.02r6dh5,enrolled,African,38,m.02r6dh5,69.0
African_m.02rpwm7/m.02rpwm7_0001.jpg/m.02rpwm7_0001.jpg,m.02rpwm7_0001,m.02rpwm7,enrolled,African,40,m.02rpwm7,18.0
African_m.02rpwm7/m.02rpwm7_0003.jpg/m.02rpwm7_0003.jpg,m.02rpwm7_0003,m.02rpwm7,enrolled,African,39,m.02rpwm7,21.0
African_m.02tyzl/m.02tyzl_0001.jpg/m.02tyzl_0001.jpg,m.02tyzl_0001,m.02tyzl,enrolled,African,32,m.02tyzl,27.0
African_m.02tyzl/m.02tyzl_0003.jpg/m.02tyzl_0003.jpg,m.02tyzl_0003,m.02tyzl,enrolled,African,21,m.02tyzl,11.0
African_m.02vncfs/m.02vncfs_0002.jpg/m.02vncfs_0002.jpg,m.02vncfs_0002,m.02vncfs,enrolled,African,27,m.02vncfs,67.0
African_m.02vncfs/m.02vncfs_0004.jpg/m.02vncfs_0004.jpg,m.02vncfs_0004,m.02vncfs,enrolled,African,40,m.02vncfs,59.0
African_m.02wcwjz/m.02wcwjz_0001.jpg/m.02wcwjz_0001.jpg,m.02wcwjz_0001,m.02wcwjz,enrolled,African,28,m.02wcwjz,45.0
African_m.02wcwjz/m.02wcwjz_0003.jpg/m.02wcwjz_0003.jpg,m.02wcwjz_0003,m.02wcwjz,enrolled,African,29,m.02wcwjz,72.0
African_m.02x1rwq/m.02x1rwq_0002.jpg/m.02x1rwq_0002.jpg,m.02x1rwq_0002,m.02x1rwq,enrolled,African,23,m.02x1rwq,62.0
African_m.02x1rwq/m.02x1rwq_0004.jpg/m.02x1rwq_0004.jpg,m.02x1rwq_0004,m.02x1rwq,enrolled,African,25,m.02x1rwq,62.0
African_m.02z0hh/m.02z0hh_0001.jpg/m.02z0hh_0001.jpg,m.02z0hh_0001,m.02z0hh,enrolled,African,49,m.02z0hh,44.0
African_m.02z0hh/m.02z0hh_0002.jpg/m.02z0hh_0002.jpg,m.02z0hh_0002,m.02z0hh,enrolled,African,35,m.02z0hh,35.0
African_m.02z0hh/m.02z0hh_0003.jpg/m.02z0hh_0003.jpg,m.02z0hh_0003,m.02z0hh,enrolled,African,37,m.02z0hh,34.0
African_m.02zbm26/m.02zbm26_0001.jpg/m.02zbm26_0001.jpg,m.02zbm26_0001,m.02zbm26,enrolled,African,24,m.02zbm26,49.0
African_m.02zbm26/m.02zbm26_0002.jpg/m.02zbm26_0002.jpg,m.02zbm26_0002,m.02zbm26,enrolled,African,23,m.02zbm26,59.0
African_m.030mpx/m.030mpx_0001.jpg/m.030mpx_0001.jpg,m.030mpx_0001,m.030mpx,enrolled,African,36,m.030mpx,56.0
African_m.030mpx/m.030mpx_0003.jpg/m.030mpx_0003.jpg,m.030mpx_0003,m.030mpx,enrolled,African,30,m.030mpx,41.0
African_m.03cpycy/m.03cpycy_0002.jpg/m.03cpycy_0002.jpg,m.03cpycy_0002,m.03cpycy,enrolled,African,30,m.03cpycy,35.0
African_m.03cpycy/m.03cpycy_0003.jpg/m.03cpycy_0003.jpg,m.03cpycy_0003,m.03cpycy,enrolled,African,25,m.03cpycy,60.0
African_m.03d0pnm/m.03d0pnm_0001.jpg/m.03d0pnm_0001.jpg,m.03d0pnm_0001,m.03d0pnm,enrolled,African,23,m.03d0pnm,45.0
African_m.03d0pnm/m.03d0pnm_0005.jpg/m.03d0pnm_0005.jpg,m.03d0pnm_0005,m.03d0pnm,enrolled,African,22,m.03d0pnm,72.0
African_m.03f6mf7/m.03f6mf7_0001.jpg/m.03f6mf7_0001.jpg,m.03f6mf7_0001,m.03f6mf7,enrolled,African,42,m.03f6mf7,47.0
African_m.03f6mf7/m.03f6mf7_0002.jpg/m.03f6mf7_0002.jpg,m.03f6mf7_0002,m.03f6mf7,enrolled,African,42,m.03f6mf7,38.0
African_m.03gs570/m.03gs570_0001.jpg/m.03gs570_0001.jpg,m.03gs570_0001,m.03gs570,enrolled,African,25,m.03gs570,16.0
African_m.03gs570/m.03gs570_0002.jpg/m.03gs570_0002.jpg,m.03gs570_0002,m.03gs570,enrolled,African,21,m.03gs570,54.0
African_m.03kklc/m.03kklc_0001.jpg/m.03kklc_0001.jpg,m.03kklc_0001,m.03kklc,enrolled,African,28,m.03kklc,9.0
African_m.03kklc/m.03kklc_0003.jpg/m.03kklc_0003.jpg,m.03kklc_0003,m.03kklc,enrolled,African,39,m.03kklc,27.0
African_m.03l0kl/m.03l0kl_0002.jpg/m.03l0kl_0002.jpg,m.03l0kl_0002,m.03l0kl,enrolled,African,26,m.03l0kl,6.0
African_m.03l0kl/m.03l0kl_0004.jpg/m.03l0kl_0004.jpg,m.03l0kl_0004,m.03l0kl,enrolled,African,30,m.03l0kl,7.0
African_m.03nlm_/m.03nlm__0002.jpg/m.03nlm__0002.jpg,m.03nlm__0002,m.03nlm_,enrolled,African,20,m.03nlm_,69.0
African_m.03nlm_/m.03nlm__0003.jpg/m.03nlm__0003.jpg,m.03nlm__0003,m.03nlm_,enrolled,African,22,m.03nlm_,72.0
African_m.03rh7_/m.03rh7__0001.jpg/m.03rh7__0001.jpg,m.03rh7__0001,m.03rh7_,enrolled,African,32,m.03rh7_,55.0
African_m.03rh7_/m.03rh7__0002.jpg/m.03rh7__0002.jpg,m.03rh7__0002,m.03rh7_,enrolled,African,36,m.03rh7_,83.0
African_m.03rlk0/m.03rlk0_0001.jpg/m.03rlk0_0001.jpg,m.03rlk0_0001,m.03rlk0,enrolled,African,43,m.03rlk0,8.0
African_m.03rlk0/m.03rlk0_0002.jpg/m.03rlk0_0002.jpg,m.03rlk0_0002,m.03rlk0,enrolled,African,60,m.03rlk0,41.0
African_m.03xmw5p/m.03xmw5p_0002.jpg/m.03xmw5p_0002.jpg,m.03xmw5p_0002,m.03xmw5p,enrolled,African,37,m.03xmw5p,20.0
African_m.03xmw5p/m.03xmw5p_0003.jpg/m.03xmw5p_0003.jpg,m.03xmw5p_0003,m.03xmw5p,enrolled,African,42,m.03xmw5p,10.0
African_m.03xp8dq/m.03xp8dq_0001.jpg/m.03xp8dq_0001.jpg,m.03xp8dq_0001,m.03xp8dq,enrolled,African,24,m.03xp8dq,32.0
African_m.03xp8dq/m.03xp8dq_0004.jpg/m.03xp8dq_0004.jpg,m.03xp8dq_0004,m.03xp8dq,enrolled,African,31,m.03xp8dq,40.0
African_m.03yj4sd/m.03yj4sd_0002.jpg/m.03yj4sd_0002.jpg,m.03yj4sd_0002,m.03yj4sd,enrolled,African,21,m.03yj4sd,52.0
African_m.03yj4sd/m.03yj4sd_0004.jpg/m.03yj4sd_0004.jpg,m.03yj4sd_0004,m.03yj4sd,enrolled,African,21,m.03yj4sd,9.0
African_m.040dvn/m.040dvn_0001.jpg/m.040dvn_0001.jpg,m.040dvn_0001,m.040dvn,enrolled,African,26,m.040dvn,14.0
African_m.040dvn/m.040dvn_0003.jpg/m.040dvn_0003.jpg,m.040dvn_0003,m.040dvn,enrolled,African,21,m.040dvn,23.0
African_m.0411j2k/m.0411j2k_0002.jpg/m.0411j2k_0002.jpg,m.0411j2k_0002,m.0411j2k,enrolled,African,27,m.0411j2k,36.0
African_m.0411j2k/m.0411j2k_0002.jpg/m.0411j2k_0002.jpg,m.0411j2k_0002,m.0411j2k,enrolled,African,27,m.0411j2k,36.0
African_m.0411j2k/m.0411j2k_0003.jpg/m.0411j2k_0003.jpg,m.0411j2k_0003,m.0411j2k,enrolled,African,38,m.0411j2k,23.0
African_m.0411j2k/m.0411j2k_0003.jpg/m.0411j2k_0003.jpg,m.0411j2k_0003,m.0411j2k,enrolled,African,38,m.0411j2k,23.0
African_m.043ljlz/m.043ljlz_0002.jpg/m.043ljlz_0002.jpg,m.043ljlz_0002,m.043ljlz,enrolled,African,25,m.043ljlz,29.0
African_m.043ljlz/m.043ljlz_0005.jpg/m.043ljlz_0005.jpg,m.043ljlz_0005,m.043ljlz,enrolled,African,20,m.043ljlz,63.0
African_m.043s0k8/m.043s0k8_0001.jpg/m.043s0k8_0001.jpg,m.043s0k8_0001,m.043s0k8,enrolled,African,32,m.043s0k8,82.0
African_m.043s0k8/m.043s0k8_0002.jpg/m.043s0k8_0002.jpg,m.043s0k8_0002,m.043s0k8,enrolled,African,28,m.043s0k8,15.0
African_m.0473wx/m.0473wx_0001.jpg/m.0473wx_0001.jpg,m.0473wx_0001,m.0473wx,enrolled,African,29,m.0473wx,64.0
African_m.0473wx/m.0473wx_0001.jpg/m.0473wx_0001.jpg,m.0473wx_0001,m.0473wx,enrolled,African,29,m.0473wx,64.0
African_m.0473wx/m.0473wx_0002.jpg/m.0473wx_0002.jpg,m.0473wx_0002,m.0473wx,enrolled,African,33,m.0473wx,8.0
African_m.0473wx/m.0473wx_0002.jpg/m.0473wx_0002.jpg,m.0473wx_0002,m.0473wx,enrolled,African,33,m.0473wx,8.0
African_m.047tkqg/m.047tkqg_0001.jpg/m.047tkqg_0001.jpg,m.047tkqg_0001,m.047tkqg,enrolled,African,25,m.047tkqg,77.0
African_m.047tkqg/m.047tkqg_0002.jpg/m.047tkqg_0002.jpg,m.047tkqg_0002,m.047tkqg,enrolled,African,24,m.047tkqg,8.0
African_m.04cs238/m.04cs238_0004.jpg/m.04cs238_0004.jpg,m.04cs238_0004,m.04cs238,enrolled,African,22,m.04cs238,23.0
African_m.04cs238/m.04cs238_0006.jpg/m.04cs238_0006.jpg,m.04cs238_0006,m.04cs238,enrolled,African,23,m.04cs238,73.0
African_m.04ddjq/m.04ddjq_0002.jpg/m.04ddjq_0002.jpg,m.04ddjq_0002,m.04ddjq,enrolled,African,48,m.04ddjq,15.0
African_m.04ddjq/m.04ddjq_0003.jpg/m.04ddjq_0003.jpg,m.04ddjq_0003,m.04ddjq,enrolled,African,51,m.04ddjq,15.0
African_m.04lhh6q/m.04lhh6q_0002.jpg/m.04lhh6q_0002.jpg,m.04lhh6q_0002,m.04lhh6q,enrolled,African,35,m.04lhh6q,11.0
African_m.04lhh6q/m.04lhh6q_0003.jpg/m.04lhh6q_0003.jpg,m.04lhh6q_0003,m.04lhh6q,enrolled,African,36,m.04lhh6q,44.0
African_m.04lwt4/m.04lwt4_0002.jpg/m.04lwt4_0002.jpg,m.04lwt4_0002,m.04lwt4,enrolled,African,37,m.04lwt4,12.0
African_m.04lwt4/m.04lwt4_0003.jpg/m.04lwt4_0003.jpg,m.04lwt4_0003,m.04lwt4,enrolled,African,36,m.04lwt4,26.0
African_m.04t5ww/m.04t5ww_0001.jpg/m.04t5ww_0001.jpg,m.04t5ww_0001,m.04t5ww,enrolled,African,24,m.04t5ww,35.0
African_m.04t5ww/m.04t5ww_0003.jpg/m.04t5ww_0003.jpg,m.04t5ww_0003,m.04t5ww,enrolled,African,28,m.04t5ww,21.0
African_m.04tzx1/m.04tzx1_0001.jpg/m.04tzx1_0001.jpg,m.04tzx1_0001,m.04tzx1,enrolled,African,31,m.04tzx1,40.0
African_m.04tzx1/m.04tzx1_0004.jpg/m.04tzx1_0004.jpg,m.04tzx1_0004,m.04tzx1,enrolled,African,37,m.04tzx1,27.0
African_m.04y7mty/m.04y7mty_0001.jpg/m.04y7mty_0001.jpg,m.04y7mty_0001,m.04y7mty,enrolled,African,37,m.04y7mty,15.0
African_m.04y7mty/m.04y7mty_0003.jpg/m.04y7mty_0003.jpg,m.04y7mty_0003,m.04y7mty,enrolled,African,37,m.04y7mty,47.0
African_m.04y7mty/m.04y7mty_0004.jpg/m.04y7mty_0004.jpg,m.04y7mty_0004,m.04y7mty,enrolled,African,28,m.04y7mty,66.0
African_m.04zwqm6/m.04zwqm6_0002.jpg/m.04zwqm6_0002.jpg,m.04zwqm6_0002,m.04zwqm6,enrolled,African,30,m.04zwqm6,16.0
African_m.04zwqm6/m.04zwqm6_0004.jpg/m.04zwqm6_0004.jpg,m.04zwqm6_0004,m.04zwqm6,enrolled,African,25,m.04zwqm6,50.0
African_m.04zwqm6/m.04zwqm6_0005.jpg/m.04zwqm6_0005.jpg,m.04zwqm6_0005,m.04zwqm6,enrolled,African,24,m.04zwqm6,37.0
African_m.051jw_/m.051jw__0001.jpg/m.051jw__0001.jpg,m.051jw__0001,m.051jw_,enrolled,African,28,m.051jw_,69.0
African_m.051jw_/m.051jw__0003.jpg/m.051jw__0003.jpg,m.051jw__0003,m.051jw_,enrolled,African,28,m.051jw_,75.0
African_m.052vh2/m.052vh2_0002.jpg/m.052vh2_0002.jpg,m.052vh2_0002,m.052vh2,enrolled,African,30,m.052vh2,48.0
African_m.052vh2/m.052vh2_0004.jpg/m.052vh2_0004.jpg,m.052vh2_0004,m.052vh2,enrolled,African,28,m.052vh2,46.0
African_m.05g9k8/m.05g9k8_0001.jpg/m.05g9k8_0001.jpg,m.05g9k8_0001,m.05g9k8,enrolled,African,33,m.05g9k8,33.0
African_m.05g9k8/m.05g9k8_0002.jpg/m.05g9k8_0002.jpg,m.05g9k8_0002,m.05g9k8,enrolled,African,37,m.05g9k8,59.0
African_m.05hgth/m.05hgth_0003.jpg/m.05hgth_0003.jpg,m.05hgth_0003,m.05hgth,enrolled,African,31,m.05hgth,72.0
African_m.05hgth/m.05hgth_0005.jpg/m.05hgth_0005.jpg,m.05hgth_0005,m.05hgth,enrolled,African,34,m.05hgth,18.0
African_m.05n8y_/m.05n8y__0001.jpg/m.05n8y__0001.jpg,m.05n8y__0001,m.05n8y_,enrolled,African,33,m.05n8y_,46.0
African_m.05n8y_/m.05n8y__0005.jpg/m.05n8y__0005.jpg,m.05n8y__0005,m.05n8y_,enrolled,African,34,m.05n8y_,77.0
African_m.05p9q60/m.05p9q60_0001.jpg/m.05p9q60_0001.jpg,m.05p9q60_0001,m.05p9q60,enrolled,African,26,m.05p9q60,54.0
African_m.05p9q60/m.05p9q60_0003.jpg/m.05p9q60_0003.jpg,m.05p9q60_0003,m.05p9q60,enrolled,African,37,m.05p9q60,39.0
African_m.05whkt/m.05whkt_0002.jpg/m.05whkt_0002.jpg,m.05whkt_0002,m.05whkt,enrolled,African,24,m.05whkt,70.0
African_m.05whkt/m.05whkt_0003.jpg/m.05whkt_0003.jpg,m.05whkt_0003,m.05whkt,enrolled,African,31,m.05whkt,37.0
African_m.05yj_q/m.05yj_q_0001.jpg/m.05yj_q_0001.jpg,m.05yj_q_0001,m.05yj_q,enrolled,African,31,m.05yj_q,55.0
African_m.05yj_q/m.05yj_q_0003.jpg/m.05yj_q_0003.jpg,m.05yj_q_0003,m.05yj_q,enrolled,African,29,m.05yj_q,43.0
African_m.05zl3c/m.05zl3c_0001.jpg/m.05zl3c_0001.jpg,m.05zl3c_0001,m.05zl3c,enrolled,African,26,m.05zl3c,9.0
African_m.05zl3c/m.05zl3c_0002.jpg/m.05zl3c_0002.jpg,m.05zl3c_0002,m.05zl3c,enrolled,African,23,m.05zl3c,84.0
African_m.05zyz_6/m.05zyz_6_0001.jpg/m.05zyz_6_0001.jpg,m.05zyz_6_0001,m.05zyz_6,enrolled,African,27,m.05zyz_6,25.0
African_m.05zyz_6/m.05zyz_6_0003.jpg/m.05zyz_6_0003.jpg,m.05zyz_6_0003,m.05zyz_6,enrolled,African,25,m.05zyz_6,79.0
African_m.05z_f0h/m.05z_f0h_0002.jpg/m.05z_f0h_0002.jpg,m.05z_f0h_0002,m.05z_f0h,enrolled,African,26,m.05z_f0h,56.0
African_m.05z_f0h/m.05z_f0h_0004.jpg/m.05z_f0h_0004.jpg,m.05z_f0h_0004,m.05z_f0h,enrolled,African,30,m.05z_f0h,31.0
African_m.06dk8n/m.06dk8n_0001.jpg/m.06dk8n_0001.jpg,m.06dk8n_0001,m.06dk8n,enrolled,African,30,m.06dk8n,6.0
African_m.06dk8n/m.06dk8n_0003.jpg/m.06dk8n_0003.jpg,m.06dk8n_0003,m.06dk8n,enrolled,African,28,m.06dk8n,38.0
African_m.06s27s/m.06s27s_0001.jpg/m.06s27s_0001.jpg,m.06s27s_0001,m.06s27s,enrolled,African,37,m.06s27s,61.0
African_m.06s27s/m.06s27s_0002.jpg/m.06s27s_0002.jpg,m.06s27s_0002,m.06s27s,enrolled,African,29,m.06s27s,27.0
African_m.06w7y0s/m.06w7y0s_0002.jpg/m.06w7y0s_0002.jpg,m.06w7y0s_0002,m.06w7y0s,enrolled,African,22,m.06w7y0s,62.0
African_m.06w7y0s/m.06w7y0s_0004.jpg/m.06w7y0s_0004.jpg,m.06w7y0s_0004,m.06w7y0s,enrolled,African,23,m.06w7y0s,42.0
African_m.075q77/m.075q77_0001.jpg/m.075q77_0001.jpg,m.075q77_0001,m.075q77,enrolled,African,35,m.075q77,53.0
African_m.075q77/m.075q77_0002.jpg/m.075q77_0002.jpg,m.075q77_0002,m.075q77,enrolled,African,36,m.075q77,23.0
African_m.079h44/m.079h44_0003.jpg/m.079h44_0003.jpg,m.079h44_0003,m.079h44,enrolled,African,30,m.079h44,79.0
African_m.079h44/m.079h44_0004.jpg/m.079h44_0004.jpg,m.079h44_0004,m.079h44,enrolled,African,33,m.079h44,68.0
African_m.07frws/m.07frws_0002.jpg/m.07frws_0002.jpg,m.07frws_0002,m.07frws,enrolled,African,25,m.07frws,60.0
African_m.07frws/m.07frws_0003.jpg/m.07frws_0003.jpg,m.07frws_0003,m.07frws,enrolled,African,25,m.07frws,7.0
African_m.07k4tsn/m.07k4tsn_0002.jpg/m.07k4tsn_0002.jpg,m.07k4tsn_0002,m.07k4tsn,enrolled,African,20,m.07k4tsn,33.0
African_m.07k4tsn/m.07k4tsn_0003.jpg/m.07k4tsn_0003.jpg,m.07k4tsn_0003,m.07k4tsn,enrolled,African,19,m.07k4tsn,57.0
African_m.07kd5wh/m.07kd5wh_0002.jpg/m.07kd5wh_0002.jpg,m.07kd5wh_0002,m.07kd5wh,enrolled,African,25,m.07kd5wh,76.0
African_m.07kd5wh/m.07kd5wh_0003.jpg/m.07kd5wh_0003.jpg,m.07kd5wh_0003,m.07kd5wh,enrolled,African,22,m.07kd5wh,36.0
African_m.07l55y/m.07l55y_0002.jpg/m.07l55y_0002.jpg,m.07l55y_0002,m.07l55y,enrolled,African,25,m.07l55y,75.0
African_m.07l55y/m.07l55y_0003.jpg/m.07l55y_0003.jpg,m.07l55y_0003,m.07l55y,enrolled,African,33,m.07l55y,82.0
African_m.07r4j1/m.07r4j1_0002.jpg/m.07r4j1_0002.jpg,m.07r4j1_0002,m.07r4j1,enrolled,African,25,m.07r4j1,85.0
African_m.07r4j1/m.07r4j1_0005.jpg/m.07r4j1_0005.jpg,m.07r4j1_0005,m.07r4j1,enrolled,African,31,m.07r4j1,33.0
African_m.07vxhg/m.07vxhg_0001.jpg/m.07vxhg_0001.jpg,m.07vxhg_0001,m.07vxhg,enrolled,African,34,m.07vxhg,57.0
African_m.07vxhg/m.07vxhg_0003.jpg/m.07vxhg_0003.jpg,m.07vxhg_0003,m.07vxhg,enrolled,African,20,m.07vxhg,85.0
African_m.07wmvk/m.07wmvk_0001.jpg/m.07wmvk_0001.jpg,m.07wmvk_0001,m.07wmvk,enrolled,African,30,m.07wmvk,36.0
African_m.07wmvk/m.07wmvk_0003.jpg/m.07wmvk_0003.jpg,m.07wmvk_0003,m.07wmvk,enrolled,African,24,m.07wmvk,11.0
African_m.080hg9f/m.080hg9f_0004.jpg/m.080hg9f_0004.jpg,m.080hg9f_0004,m.080hg9f,enrolled,African,23,m.080hg9f,
African_m.080hg9f/m.080hg9f_0005.jpg/m.080hg9f_0005.jpg,m.080hg9f_0005,m.080hg9f,enrolled,African,24,m.080hg9f,79.0
African_m.09gd0y8/m.09gd0y8_0002.jpg/m.09gd0y8_0002.jpg,m.09gd0y8_0002,m.09gd0y8,enrolled,African,22,m.09gd0y8,22.0
African_m.09gd0y8/m.09gd0y8_0003.jpg/m.09gd0y8_0003.jpg,m.09gd0y8_0003,m.09gd0y8,enrolled,African,19,m.09gd0y8,32.0
African_m.09jvjz/m.09jvjz_0001.jpg/m.09jvjz_0001.jpg,m.09jvjz_0001,m.09jvjz,enrolled,African,36,m.09jvjz,33.0
African_m.09jvjz/m.09jvjz_0003.jpg/m.09jvjz_0003.jpg,m.09jvjz_0003,m.09jvjz,enrolled,African,34,m.09jvjz,67.0
African_m.09mcr7/m.09mcr7_0003.jpg/m.09mcr7_0003.jpg,m.09mcr7_0003,m.09mcr7,enrolled,African,40,m.09mcr7,16.0
African_m.09mcr7/m.09mcr7_0004.jpg/m.09mcr7_0004.jpg,m.09mcr7_0004,m.09mcr7,enrolled,African,40,m.09mcr7,74.0
African_m.0b744d9/m.0b744d9_0001.jpg/m.0b744d9_0001.jpg,m.0b744d9_0001,m.0b744d9,enrolled,African,24,m.0b744d9,62.0
African_m.0b744d9/m.0b744d9_0003.jpg/m.0b744d9_0003.jpg,m.0b744d9_0003,m.0b744d9,enrolled,African,23,m.0b744d9,82.0
African_m.0bw2x2/m.0bw2x2_0001.jpg/m.0bw2x2_0001.jpg,m.0bw2x2_0001,m.0bw2x2,enrolled,African,34,m.0bw2x2,38.0
African_m.0bw2x2/m.0bw2x2_0003.jpg/m.0bw2x2_0003.jpg,m.0bw2x2_0003,m.0bw2x2,enrolled,African,51,m.0bw2x2,20.0
African_m.0bwmjwf/m.0bwmjwf_0002.jpg/m.0bwmjwf_0002.jpg,m.0bwmjwf_0002,m.0bwmjwf,enrolled,African,23,m.0bwmjwf,24.0
African_m.0bwmjwf/m.0bwmjwf_0004.jpg/m.0bwmjwf_0004.jpg,m.0bwmjwf_0004,m.0bwmjwf,enrolled,African,20,m.0bwmjwf,50.0
African_m.0c2ktj/m.0c2ktj_0002.jpg/m.0c2ktj_0002.jpg,m.0c2ktj_0002,m.0c2ktj,enrolled,African,39,m.0c2ktj,21.0
African_m.0c2ktj/m.0c2ktj_0003.jpg/m.0c2ktj_0003.jpg,m.0c2ktj_0003,m.0c2ktj,enrolled,African,58,m.0c2ktj,66.0
African_m.0cd0tf/m.0cd0tf_0002.jpg/m.0cd0tf_0002.jpg,m.0cd0tf_0002,m.0cd0tf,enrolled,African,37,m.0cd0tf,44.0
African_m.0cd0tf/m.0cd0tf_0004.jpg/m.0cd0tf_0004.jpg,m.0cd0tf_0004,m.0cd0tf,enrolled,African,34,m.0cd0tf,21.0
African_m.0cjcdj/m.0cjcdj_0002.jpg/m.0cjcdj_0002.jpg,m.0cjcdj_0002,m.0cjcdj,enrolled,African,19,m.0cjcdj,88.0
African_m.0cjcdj/m.0cjcdj_0003.jpg/m.0cjcdj_0003.jpg,m.0cjcdj_0003,m.0cjcdj,enrolled,African,25,m.0cjcdj,90.0
African_m.0d3652/m.0d3652_0001.jpg/m.0d3652_0001.jpg,m.0d3652_0001,m.0d3652,enrolled,African,24,m.0d3652,26.0
African_m.0d3652/m.0d3652_0002.jpg/m.0d3652_0002.jpg,m.0d3652_0002,m.0d3652,enrolled,African,22,m.0d3652,9.0
African_m.0df4rv/m.0df4rv_0001.jpg/m.0df4rv_0001.jpg,m.0df4rv_0001,m.0df4rv,enrolled,African,31,m.0df4rv,86.0
African_m.0df4rv/m.0df4rv_0003.jpg/m.0df4rv_0003.jpg,m.0df4rv_0003,m.0df4rv,enrolled,African,31,m.0df4rv,32.0
African_m.0djr2y/m.0djr2y_0001.jpg/m.0djr2y_0001.jpg,m.0djr2y_0001,m.0djr2y,enrolled,African,38,m.0djr2y,21.0
African_m.0djr2y/m.0djr2y_0002.jpg/m.0djr2y_0002.jpg,m.0djr2y_0002,m.0djr2y,enrolled,African,44,m.0djr2y,67.0
African_m.0dnj2hd/m.0dnj2hd_0001.jpg/m.0dnj2hd_0001.jpg,m.0dnj2hd_0001,m.0dnj2hd,enrolled,African,47,m.0dnj2hd,81.0
African_m.0dnj2hd/m.0dnj2hd_0003.jpg/m.0dnj2hd_0003.jpg,m.0dnj2hd_0003,m.0dnj2hd,enrolled,African,19,m.0dnj2hd,26.0
African_m.0dsp1f/m.0dsp1f_0004.jpg/m.0dsp1f_0004.jpg,m.0dsp1f_0004,m.0dsp1f,enrolled,African,29,m.0dsp1f,84.0
African_m.0dsp1f/m.0dsp1f_0006.jpg/m.0dsp1f_0006.jpg,m.0dsp1f_0006,m.0dsp1f,enrolled,African,32,m.0dsp1f,74.0
African_m.0f8yx2/m.0f8yx2_0003.jpg/m.0f8yx2_0003.jpg,m.0f8yx2_0003,m.0f8yx2,enrolled,African,29,m.0f8yx2,73.0
African_m.0f8yx2/m.0f8yx2_0004.jpg/m.0f8yx2_0004.jpg,m.0f8yx2_0004,m.0f8yx2,enrolled,African,38,m.0f8yx2,19.0
African_m.0fdctd/m.0fdctd_0001.jpg/m.0fdctd_0001.jpg,m.0fdctd_0001,m.0fdctd,enrolled,African,42,m.0fdctd,24.0
African_m.0fdctd/m.0fdctd_0002.jpg/m.0fdctd_0002.jpg,m.0fdctd_0002,m.0fdctd,enrolled,African,53,m.0fdctd,54.0
African_m.0fwcyh/m.0fwcyh_0003.jpg/m.0fwcyh_0003.jpg,m.0fwcyh_0003,m.0fwcyh,enrolled,African,48,m.0fwcyh,60.0
African_m.0fwcyh/m.0fwcyh_0005.jpg/m.0fwcyh_0005.jpg,m.0fwcyh_0005,m.0fwcyh,enrolled,African,41,m.0fwcyh,89.0
African_m.0g1y3z/m.0g1y3z_0002.jpg/m.0g1y3z_0002.jpg,m.0g1y3z_0002,m.0g1y3z,enrolled,African,29,m.0g1y3z,29.0
African_m.0g1y3z/m.0g1y3z_0003.jpg/m.0g1y3z_0003.jpg,m.0g1y3z_0003,m.0g1y3z,enrolled,African,26,m.0g1y3z,12.0
African_m.0g1y3z/m.0g1y3z_0004.jpg/m.0g1y3z_0004.jpg,m.0g1y3z_0004,m.0g1y3z,enrolled,African,32,m.0g1y3z,18.0
African_m.0gg6zmj/m.0gg6zmj_0001.jpg/m.0gg6zmj_0001.jpg,m.0gg6zmj_0001,m.0gg6zmj,enrolled,African,28,m.0gg6zmj,87.0
African_m.0gg6zmj/m.0gg6zmj_0002.jpg/m.0gg6zmj_0002.jpg,m.0gg6zmj_0002,m.0gg6zmj,enrolled,African,29,m.0gg6zmj,83.0
African_m.0gg6zmj/m.0gg6zmj_0003.jpg/m.0gg6zmj_0003.jpg,m.0gg6zmj_0003,m.0gg6zmj,enrolled,African,24,m.0gg6zmj,71.0
African_m.0glrzqp/m.0glrzqp_0001.jpg/m.0glrzqp_0001.jpg,m.0glrzqp_0001,m.0glrzqp,enrolled,African,26,m.0glrzqp,50.0
African_m.0glrzqp/m.0glrzqp_0003.jpg/m.0glrzqp_0003.jpg,m.0glrzqp_0003,m.0glrzqp,enrolled,African,29,m.0glrzqp,45.0
African_m.0gvr8h/m.0gvr8h_0001.jpg/m.0gvr8h_0001.jpg,m.0gvr8h_0001,m.0gvr8h,enrolled,African,44,m.0gvr8h,72.0
African_m.0gvr8h/m.0gvr8h_0002.jpg/m.0gvr8h_0002.jpg,m.0gvr8h_0002,m.0gvr8h,enrolled,African,39,m.0gvr8h,51.0
African_m.0h1cjzn/m.0h1cjzn_0001.jpg/m.0h1cjzn_0001.jpg,m.0h1cjzn_0001,m.0h1cjzn,enrolled,African,23,m.0h1cjzn,5.0
African_m.0h1cjzn/m.0h1cjzn_0003.jpg/m.0h1cjzn_0003.jpg,m.0h1cjzn_0003,m.0h1cjzn,enrolled,African,25,m.0h1cjzn,90.0
African_m.0h62_40/m.0h62_40_0001.jpg/m.0h62_40_0001.jpg,m.0h62_40_0001,m.0h62_40,enrolled,African,21,m.0h62_40,18.0
African_m.0h62_40/m.0h62_40_0003.jpg/m.0h62_40_0003.jpg,m.0h62_40_0003,m.0h62_40,enrolled,African,24,m.0h62_40,89.0
African_m.0h94d3h/m.0h94d3h_0002.jpg/m.0h94d3h_0002.jpg,m.0h94d3h_0002,m.0h94d3h,enrolled,African,28,m.0h94d3h,65.0
African_m.0h94d3h/m.0h94d3h_0003.jpg/m.0h94d3h_0003.jpg,m.0h94d3h_0003,m.0h94d3h,enrolled,African,25,m.0h94d3h,23.0
African_m.0hr6y10/m.0hr6y10_0001.jpg/m.0hr6y10_0001.jpg,m.0hr6y10_0001,m.0hr6y10,enrolled,African,24,m.0hr6y10,38.0
African_m.0hr6y10/m.0hr6y10_0003.jpg/m.0hr6y10_0003.jpg,m.0hr6y10_0003,m.0hr6y10,enrolled,African,30,m.0hr6y10,32.0
African_m.0h_gn8t/m.0h_gn8t_0002.jpg/m.0h_gn8t_0002.jpg,m.0h_gn8t_0002,m.0h_gn8t,enrolled,African,26,m.0h_gn8t,54.0
African_m.0h_gn8t/m.0h_gn8t_0003.jpg/m.0h_gn8t_0003.jpg,m.0h_gn8t_0003,m.0h_gn8t,enrolled,African,26,m.0h_gn8t,54.0
African_m.0j435s9/m.0j435s9_0001.jpg/m.0j435s9_0001.jpg,m.0j435s9_0001,m.0j435s9,enrolled,African,22,m.0j435s9,46.0
African_m.0j435s9/m.0j435s9_0002.jpg/m.0j435s9_0002.jpg,m.0j435s9_0002,m.0j435s9,enrolled,African,25,m.0j435s9,41.0
African_m.0j4lqmx/m.0j4lqmx_0001.jpg/m.0j4lqmx_0001.jpg,m.0j4lqmx_0001,m.0j4lqmx,enrolled,African,22,m.0j4lqmx,81.0
African_m.0j4lqmx/m.0j4lqmx_0002.jpg/m.0j4lqmx_0002.jpg,m.0j4lqmx_0002,m.0j4lqmx,enrolled,African,27,m.0j4lqmx,10.0
African_m.0j67l3_/m.0j67l3__0001.jpg/m.0j67l3__0001.jpg,m.0j67l3__0001,m.0j67l3_,enrolled,African,21,m.0j67l3_,18.0
African_m.0j67l3_/m.0j67l3__0002.jpg/m.0j67l3__0002.jpg,m.0j67l3__0002,m.0j67l3_,enrolled,African,27,m.0j67l3_,52.0
African_m.0j7ml3n/m.0j7ml3n_0001.jpg/m.0j7ml3n_0001.jpg,m.0j7ml3n_0001,m.0j7ml3n,enrolled,African,40,m.0j7ml3n,38.0
African_m.0j7ml3n/m.0j7ml3n_0003.jpg/m.0j7ml3n_0003.jpg,m.0j7ml3n_0003,m.0j7ml3n,enrolled,African,44,m.0j7ml3n,36.0
African_m.0jl16fw/m.0jl16fw_0001.jpg/m.0jl16fw_0001.jpg,m.0jl16fw_0001,m.0jl16fw,enrolled,African,32,m.0jl16fw,51.0
African_m.0jl16fw/m.0jl16fw_0005.jpg/m.0jl16fw_0005.jpg,m.0jl16fw_0005,m.0jl16fw,enrolled,African,33,m.0jl16fw,70.0
African_m.0jwn_c/m.0jwn_c_0004.jpg/m.0jwn_c_0004.jpg,m.0jwn_c_0004,m.0jwn_c,enrolled,African,38,m.0jwn_c,51.0
African_m.0jwn_c/m.0jwn_c_0005.jpg/m.0jwn_c_0005.jpg,m.0jwn_c_0005,m.0jwn_c,enrolled,African,21,m.0jwn_c,53.0
African_m.0k7y9hw/m.0k7y9hw_0002.jpg/m.0k7y9hw_0002.jpg,m.0k7y9hw_0002,m.0k7y9hw,enrolled,African,23,m.0k7y9hw,87.0
African_m.0k7y9hw/m.0k7y9hw_0003.jpg/m.0k7y9hw_0003.jpg,m.0k7y9hw_0003,m.0k7y9hw,enrolled,African,20,m.0k7y9hw,74.0
African_m.0q276/m.0q276_0001.jpg/m.0q276_0001.jpg,m.0q276_0001,m.0q276,enrolled,African,31,m.0q276,59.0
African_m.0q276/m.0q276_0004.jpg/m.0q276_0004.jpg,m.0q276_0004,m.0q276,enrolled,African,22,m.0q276,34.0
African_m.0r8x_gx/m.0r8x_gx_0002.jpg/m.0r8x_gx_0002.jpg,m.0r8x_gx_0002,m.0r8x_gx,enrolled,African,23,m.0r8x_gx,30.0
African_m.0r8x_gx/m.0r8x_gx_0003.jpg/m.0r8x_gx_0003.jpg,m.0r8x_gx_0003,m.0r8x_gx,enrolled,African,19,m.0r8x_gx,74.0
African_m.0x1lfrd/m.0x1lfrd_0004.jpg/m.0x1lfrd_0004.jpg,m.0x1lfrd_0004,m.0x1lfrd,enrolled,African,25,m.0x1lfrd,10.0
African_m.0x1lfrd/m.0x1lfrd_0005.jpg/m.0x1lfrd_0005.jpg,m.0x1lfrd_0005,m.0x1lfrd,enrolled,African,27,m.0x1lfrd,69.0
Asian_m.01w5j5t/m.01w5j5t_0001.jpg/m.01w5j5t_0001.jpg,m.01w5j5t_0001,m.01w5j5t,enrolled,Asian,24,m.01w5j5t,19.0
Asian_m.01w5j5t/m.01w5j5t_0002.jpg/m.01w5j5t_0002.jpg,m.01w5j5t_0002,m.01w5j5t,enrolled,Asian,25,m.01w5j5t,31.0
Asian_m.026gkq/m.026gkq_0001.jpg/m.026gkq_0001.jpg,m.026gkq_0001,m.026gkq,enrolled,Asian,56,m.026gkq,14.0
Asian_m.026gkq/m.026gkq_0004.jpg/m.026gkq_0004.jpg,m.026gkq_0004,m.026gkq,enrolled,Asian,50,m.026gkq,36.0
Asian_m.027x4_k/m.027x4_k_0002.jpg/m.027x4_k_0002.jpg,m.027x4_k_0002,m.027x4_k,enrolled,Asian,27,m.027x4_k,6.0
Asian_m.027x4_k/m.027x4_k_0003.jpg/m.027x4_k_0003.jpg,m.027x4_k_0003,m.027x4_k,enrolled,Asian,23,m.027x4_k,30.0
Asian_m.02h8cv/m.02h8cv_0001.jpg/m.02h8cv_0001.jpg,m.02h8cv_0001,m.02h8cv,enrolled,Asian,28,m.02h8cv,14.0
Asian_m.02h8cv/m.02h8cv_0004.jpg/m.02h8cv_0004.jpg,m.02h8cv_0004,m.02h8cv,enrolled,Asian,36,m.02h8cv,52.0
Asian_m.02m4tx/m.02m4tx_0001.jpg/m.02m4tx_0001.jpg,m.02m4tx_0001,m.02m4tx,enrolled,Asian,49,m.02m4tx,12.0
Asian_m.02m4tx/m.02m4tx_0003.jpg/m.02m4tx_0003.jpg,m.02m4tx_0003,m.02m4tx,enrolled,Asian,55,m.02m4tx,41.0
Asian_m.02q1kxv/m.02q1kxv_0003.jpg/m.02q1kxv_0003.jpg,m.02q1kxv_0003,m.02q1kxv,enrolled,Asian,29,m.02q1kxv,68.0
Asian_m.02q1kxv/m.02q1kxv_0004.jpg/m.02q1kxv_0004.jpg,m.02q1kxv_0004,m.02q1kxv,enrolled,Asian,35,m.02q1kxv,30.0
Asian_m.02r5mm5/m.02r5mm5_0002.jpg/m.02r5mm5_0002.jpg,m.02r5mm5_0002,m.02r5mm5,enrolled,Asian,52,m.02r5mm5,48.0
Asian_m.02r5mm5/m.02r5mm5_0003.jpg/m.02r5mm5_0003.jpg,m.02r5mm5_0003,m.02r5mm5,enrolled,Asian,62,m.02r5mm5,11.0
Asian_m.02r7_c8/m.02r7_c8_0001.jpg/m.02r7_c8_0001.jpg,m.02r7_c8_0001,m.02r7_c8,enrolled,Asian,38,m.02r7_c8,78.0
Asian_m.02r7_c8/m.02r7_c8_0004.jpg/m.02r7_c8_0004.jpg,m.02r7_c8_0004,m.02r7_c8,enrolled,Asian,37,m.02r7_c8,89.0
Asian_m.02rfd99/m.02rfd99_0001.jpg/m.02rfd99_0001.jpg,m.02rfd99_0001,m.02rfd99,enrolled,Asian,29,m.02rfd99,48.0
Asian_m.02rfd99/m.02rfd99_0004.jpg/m.02rfd99_0004.jpg,m.02rfd99_0004,m.02rfd99,enrolled,Asian,28,m.02rfd99,24.0
Asian_m.02wwpck/m.02wwpck_0002.jpg/m.02wwpck_0002.jpg,m.02wwpck_0002,m.02wwpck,enrolled,Asian,68,m.02wwpck,38.0
Asian_m.02wwpck/m.02wwpck_0005.jpg/m.02wwpck_0005.jpg,m.02wwpck_0005,m.02wwpck,enrolled,Asian,54,m.02wwpck,30.0
Asian_m.02y6zz/m.02y6zz_0002.jpg/m.02y6zz_0002.jpg,m.02y6zz_0002,m.02y6zz,enrolled,Asian,23,m.02y6zz,57.0
Asian_m.02y6zz/m.02y6zz_0004.jpg/m.02y6zz_0004.jpg,m.02y6zz_0004,m.02y6zz,enrolled,Asian,23,m.02y6zz,21.0
Asian_m.02z2bjw/m.02z2bjw_0001.jpg/m.02z2bjw_0001.jpg,m.02z2bjw_0001,m.02z2bjw,enrolled,Asian,29,m.02z2bjw,28.0
Asian_m.02z2bjw/m.02z2bjw_0003.jpg/m.02z2bjw_0003.jpg,m.02z2bjw_0003,m.02z2bjw,enrolled,Asian,33,m.02z2bjw,28.0
Asian_m.02z2bjw/m.02z2bjw_0005.jpg/m.02z2bjw_0005.jpg,m.02z2bjw_0005,m.02z2bjw,enrolled,Asian,29,m.02z2bjw,
Asian_m.0377cl/m.0377cl_0001.jpg/m.0377cl_0001.jpg,m.0377cl_0001,m.0377cl,enrolled,Asian,42,m.0377cl,30.0
Asian_m.0377cl/m.0377cl_0001.jpg/m.0377cl_0001.jpg,m.0377cl_0001,m.0377cl,enrolled,Asian,42,m.0377cl,30.0
Asian_m.0377cl/m.0377cl_0003.jpg/m.0377cl_0003.jpg,m.0377cl_0003,m.0377cl,enrolled,Asian,36,m.0377cl,61.0
Asian_m.0377cl/m.0377cl_0003.jpg/m.0377cl_0003.jpg,m.0377cl_0003,m.0377cl,enrolled,Asian,36,m.0377cl,61.0
Asian_m.037jq3/m.037jq3_0003.jpg/m.037jq3_0003.jpg,m.037jq3_0003,m.037jq3,enrolled,Asian,46,m.037jq3,24.0
Asian_m.037jq3/m.037jq3_0004.jpg/m.037jq3_0004.jpg,m.037jq3_0004,m.037jq3,enrolled,Asian,49,m.037jq3,49.0
Asian_m.037jq3/m.037jq3_0005.jpg/m.037jq3_0005.jpg,m.037jq3_0005,m.037jq3,enrolled,Asian,62,m.037jq3,29.0
Asian_m.03b53l/m.03b53l_0005.jpg/m.03b53l_0005.jpg,m.03b53l_0005,m.03b53l,enrolled,Asian,31,m.03b53l,32.0
Asian_m.03b53l/m.03b53l_0007.jpg/m.03b53l_0007.jpg,m.03b53l_0007,m.03b53l,enrolled,Asian,28,m.03b53l,22.0
Asian_m.03bdj5/m.03bdj5_0001.jpg/m.03bdj5_0001.jpg,m.03bdj5_0001,m.03bdj5,enrolled,Asian,29,m.03bdj5,26.0
Asian_m.03bdj5/m.03bdj5_0003.jpg/m.03bdj5_0003.jpg,m.03bdj5_0003,m.03bdj5,enrolled,Asian,33,m.03bdj5,24.0
Asian_m.03by95/m.03by95_0004.jpg/m.03by95_0004.jpg,m.03by95_0004,m.03by95,enrolled,Asian,24,m.03by95,5.0
Asian_m.03by95/m.03by95_0006.jpg/m.03by95_0006.jpg,m.03by95_0006,m.03by95,enrolled,Asian,36,m.03by95,14.0
Asian_m.03d2pr0/m.03d2pr0_0002.jpg/m.03d2pr0_0002.jpg,m.03d2pr0_0002,m.03d2pr0,enrolled,Asian,24,m.03d2pr0,68.0
Asian_m.03d2pr0/m.03d2pr0_0004.jpg/m.03d2pr0_0004.jpg,m.03d2pr0_0004,m.03d2pr0,enrolled,Asian,28,m.03d2pr0,15.0
Asian_m.03gllk/m.03gllk_0001.jpg/m.03gllk_0001.jpg,m.03gllk_0001,m.03gllk,enrolled,Asian,39,m.03gllk,
Asian_m.03gllk/m.03gllk_0005.jpg/m.03gllk_0005.jpg,m.03gllk_0005,m.03gllk,enrolled,Asian,24,m.03gllk,17.0
Asian_m.03m83py/m.03m83py_0001.jpg/m.03m83py_0001.jpg,m.03m83py_0001,m.03m83py,enrolled,Asian,23,m.03m83py,63.0
Asian_m.03m83py/m.03m83py_0003.jpg/m.03m83py_0003.jpg,m.03m83py_0003,m.03m83py,enrolled,Asian,28,m.03m83py,29.0
Asian_m.04043t_/m.04043t__0001.jpg/m.04043t__0001.jpg,m.04043t__0001,m.04043t_,enrolled,Asian,28,m.04043t_,45.0
Asian_m.04043t_/m.04043t__0001.jpg/m.04043t__0001.jpg,m.04043t__0001,m.04043t_,enrolled,Asian,28,m.04043t_,45.0
Asian_m.04043t_/m.04043t__0004.jpg/m.04043t__0004.jpg,m.04043t__0004,m.04043t_,enrolled,Asian,34,m.04043t_,34.0
Asian_m.04043t_/m.04043t__0004.jpg/m.04043t__0004.jpg,m.04043t__0004,m.04043t_,enrolled,Asian,34,m.04043t_,34.0
Asian_m.0432f6/m.0432f6_0001.jpg/m.0432f6_0001.jpg,m.0432f6_0001,m.0432f6,enrolled,Asian,44,m.0432f6,66.0
Asian_m.0432f6/m.0432f6_0001.jpg/m.0432f6_0001.jpg,m.0432f6_0001,m.0432f6,enrolled,Asian,44,m.0432f6,66.0
Asian_m.0432f6/m.0432f6_0004.jpg/m.0432f6_0004.jpg,m.0432f6_0004,m.0432f6,enrolled,Asian,44,m.0432f6,35.0
Asian_m.0432f6/m.0432f6_0004.jpg/m.0432f6_0004.jpg,m.0432f6_0004,m.0432f6,enrolled,Asian,44,m.0432f6,35.0
Asian_m.043kns/m.043kns_0003.jpg/m.043kns_0003.jpg,m.043kns_0003,m.043kns,enrolled,Asian,46,m.043kns,24.0
Asian_m.043kns/m.043kns_0006.jpg/m.043kns_0006.jpg,m.043kns_0006,m.043kns,enrolled,Asian,52,m.043kns,46.0
Asian_m.043sdm_/m.043sdm__0001.jpg/m.043sdm__0001.jpg,m.043sdm__0001,m.043sdm_,enrolled,Asian,56,m.043sdm_,49.0
Asian_m.043sdm_/m.043sdm__0002.jpg/m.043sdm__0002.jpg,m.043sdm__0002,m.043sdm_,enrolled,Asian,54,m.043sdm_,40.0
Asian_m.047pf7n/m.047pf7n_0002.jpg/m.047pf7n_0002.jpg,m.047pf7n_0002,m.047pf7n,enrolled,Asian,55,m.047pf7n,37.0
Asian_m.047pf7n/m.047pf7n_0005.jpg/m.047pf7n_0005.jpg,m.047pf7n_0005,m.047pf7n,enrolled,Asian,46,m.047pf7n,32.0
Asian_m.04dt9z/m.04dt9z_0001.jpg/m.04dt9z_0001.jpg,m.04dt9z_0001,m.04dt9z,enrolled,Asian,51,m.04dt9z,23.0
Asian_m.04dt9z/m.04dt9z_0002.jpg/m.04dt9z_0002.jpg,m.04dt9z_0002,m.04dt9z,enrolled,Asian,53,m.04dt9z,17.0
Asian_m.04f4_6q/m.04f4_6q_0001.jpg/m.04f4_6q_0001.jpg,m.04f4_6q_0001,m.04f4_6q,enrolled,Asian,23,m.04f4_6q,20.0
Asian_m.04f4_6q/m.04f4_6q_0002.jpg/m.04f4_6q_0002.jpg,m.04f4_6q_0002,m.04f4_6q,enrolled,Asian,26,m.04f4_6q,17.0
Asian_m.04nzf7/m.04nzf7_0001.jpg/m.04nzf7_0001.jpg,m.04nzf7_0001,m.04nzf7,enrolled,Asian,56,m.04nzf7,47.0
Asian_m.04nzf7/m.04nzf7_0002.jpg/m.04nzf7_0002.jpg,m.04nzf7_0002,m.04nzf7,enrolled,Asian,46,m.04nzf7,59.0
Asian_m.04ydpy4/m.04ydpy4_0001.jpg/m.04ydpy4_0001.jpg,m.04ydpy4_0001,m.04ydpy4,enrolled,Asian,23,m.04ydpy4,62.0
Asian_m.04ydpy4/m.04ydpy4_0002.jpg/m.04ydpy4_0002.jpg,m.04ydpy4_0002,m.04ydpy4,enrolled,Asian,28,m.04ydpy4,24.0
Asian_m.054w6x/m.054w6x_0002.jpg/m.054w6x_0002.jpg,m.054w6x_0002,m.054w6x,enrolled,Asian,26,m.054w6x,27.0
Asian_m.054w6x/m.054w6x_0003.jpg/m.054w6x_0003.jpg,m.054w6x_0003,m.054w6x,enrolled,Asian,26,m.054w6x,15.0
Asian_m.05syvk5/m.05syvk5_0002.jpg/m.05syvk5_0002.jpg,m.05syvk5_0002,m.05syvk5,enrolled,Asian,27,m.05syvk5,16.0
Asian_m.05syvk5/m.05syvk5_0004.jpg/m.05syvk5_0004.jpg,m.05syvk5_0004,m.05syvk5,enrolled,Asian,25,m.05syvk5,71.0
Asian_m.05zk65x/m.05zk65x_0001.jpg/m.05zk65x_0001.jpg,m.05zk65x_0001,m.05zk65x,enrolled,Asian,22,m.05zk65x,13.0
Asian_m.05zk65x/m.05zk65x_0002.jpg/m.05zk65x_0002.jpg,m.05zk65x_0002,m.05zk65x,enrolled,Asian,19,m.05zk65x,6.0
Asian_m.0659sj/m.0659sj_0001.jpg/m.0659sj_0001.jpg,m.0659sj_0001,m.0659sj,enrolled,Asian,27,m.0659sj,81.0
Asian_m.0659sj/m.0659sj_0001.jpg/m.0659sj_0001.jpg,m.0659sj_0001,m.0659sj,enrolled,Asian,27,m.0659sj,81.0
Asian_m.0659sj/m.0659sj_0002.jpg/m.0659sj_0002.jpg,m.0659sj_0002,m.0659sj,enrolled,Asian,38,m.0659sj,86.0
Asian_m.0659sj/m.0659sj_0002.jpg/m.0659sj_0002.jpg,m.0659sj_0002,m.0659sj,enrolled,Asian,38,m.0659sj,86.0
Asian_m.06c1fd/m.06c1fd_0005.jpg/m.06c1fd_0005.jpg,m.06c1fd_0005,m.06c1fd,enrolled,Asian,26,m.06c1fd,16.0
Asian_m.06c1fd/m.06c1fd_0006.jpg/m.06c1fd_0006.jpg,m.06c1fd_0006,m.06c1fd,enrolled,Asian,29,m.06c1fd,16.0
Asian_m.06q_wv/m.06q_wv_0001.jpg/m.06q_wv_0001.jpg,m.06q_wv_0001,m.06q_wv,enrolled,Asian,40,m.06q_wv,91.0
Asian_m.06q_wv/m.06q_wv_0002.jpg/m.06q_wv_0002.jpg,m.06q_wv_0002,m.06q_wv,enrolled,Asian,30,m.06q_wv,54.0
Asian_m.08lp99/m.08lp99_0002.jpg/m.08lp99_0002.jpg,m.08lp99_0002,m.08lp99,enrolled,Asian,57,m.08lp99,26.0
Asian_m.08lp99/m.08lp99_0004.jpg/m.08lp99_0004.jpg,m.08lp99_0004,m.08lp99,enrolled,Asian,35,m.08lp99,10.0
Asian_m.08nsyz4/m.08nsyz4_0002.jpg/m.08nsyz4_0002.jpg,m.08nsyz4_0002,m.08nsyz4,enrolled,Asian,19,m.08nsyz4,13.0
Asian_m.08nsyz4/m.08nsyz4_0003.jpg/m.08nsyz4_0003.jpg,m.08nsyz4_0003,m.08nsyz4,enrolled,Asian,27,m.08nsyz4,50.0
Asian_m.08nsyz4/m.08nsyz4_0004.jpg/m.08nsyz4_0004.jpg,m.08nsyz4_0004,m.08nsyz4,enrolled,Asian,24,m.08nsyz4,7.0
Asian_m.099y7c/m.099y7c_0002.jpg/m.099y7c_0002.jpg,m.099y7c_0002,m.099y7c,enrolled,Asian,41,m.099y7c,9.0
Asian_m.099y7c/m.099y7c_0004.jpg/m.099y7c_0004.jpg,m.099y7c_0004,m.099y7c,enrolled,Asian,41,m.099y7c,70.0
Asian_m.09f57q/m.09f57q_0001.jpg/m.09f57q_0001.jpg,m.09f57q_0001,m.09f57q,enrolled,Asian,36,m.09f57q,46.0
Asian_m.09f57q/m.09f57q_0002.jpg/m.09f57q_0002.jpg,m.09f57q_0002,m.09f57q,enrolled,Asian,28,m.09f57q,19.0
Asian_m.09h3b6/m.09h3b6_0002.jpg/m.09h3b6_0002.jpg,m.09h3b6_0002,m.09h3b6,enrolled,Asian,34,m.09h3b6,48.0
Asian_m.09h3b6/m.09h3b6_0004.jpg/m.09h3b6_0004.jpg,m.09h3b6_0004,m.09h3b6,enrolled,Asian,45,m.09h3b6,45.0
Asian_m.09k3hc/m.09k3hc_0001.jpg/m.09k3hc_0001.jpg,m.09k3hc_0001,m.09k3hc,enrolled,Asian,28,m.09k3hc,28.0
Asian_m.09k3hc/m.09k3hc_0003.jpg/m.09k3hc_0003.jpg,m.09k3hc_0003,m.09k3hc,enrolled,Asian,26,m.09k3hc,87.0
Asian_m.09zbx4/m.09zbx4_0001.jpg/m.09zbx4_0001.jpg,m.09zbx4_0001,m.09zbx4,enrolled,Asian,19,m.09zbx4,22.0
Asian_m.09zbx4/m.09zbx4_0002.jpg/m.09zbx4_0002.jpg,m.09zbx4_0002,m.09zbx4,enrolled,Asian,19,m.09zbx4,17.0
Asian_m.0b6nlhh/m.0b6nlhh_0003.jpg/m.0b6nlhh_0003.jpg,m.0b6nlhh_0003,m.0b6nlhh,enrolled,Asian,31,m.0b6nlhh,20.0
Asian_m.0b6nlhh/m.0b6nlhh_0005.jpg/m.0b6nlhh_0005.jpg,m.0b6nlhh_0005,m.0b6nlhh,enrolled,Asian,24,m.0b6nlhh,72.0
Asian_m.0bbvmh/m.0bbvmh_0005.jpg/m.0bbvmh_0005.jpg,m.0bbvmh_0005,m.0bbvmh,enrolled,Asian,35,m.0bbvmh,14.0
Asian_m.0bbvmh/m.0bbvmh_0007.jpg/m.0bbvmh_0007.jpg,m.0bbvmh_0007,m.0bbvmh,enrolled,Asian,37,m.0bbvmh,66.0
Asian_m.0bj77lx/m.0bj77lx_0001.jpg/m.0bj77lx_0001.jpg,m.0bj77lx_0001,m.0bj77lx,enrolled,Asian,25,m.0bj77lx,57.0
Asian_m.0bj77lx/m.0bj77lx_0003.jpg/m.0bj77lx_0003.jpg,m.0bj77lx_0003,m.0bj77lx,enrolled,Asian,31,m.0bj77lx,18.0
Asian_m.0bkfkm/m.0bkfkm_0002.jpg/m.0bkfkm_0002.jpg,m.0bkfkm_0002,m.0bkfkm,enrolled,Asian,20,m.0bkfkm,67.0
Asian_m.0bkfkm/m.0bkfkm_0004.jpg/m.0bkfkm_0004.jpg,m.0bkfkm_0004,m.0bkfkm,enrolled,Asian,20,m.0bkfkm,4.0
Asian_m.0bw91f/m.0bw91f_0001.jpg/m.0bw91f_0001.jpg,m.0bw91f_0001,m.0bw91f,enrolled,Asian,63,m.0bw91f,46.0
Asian_m.0bw91f/m.0bw91f_0002.jpg/m.0bw91f_0002.jpg,m.0bw91f_0002,m.0bw91f,enrolled,Asian,59,m.0bw91f,21.0
Asian_m.0cf93t/m.0cf93t_0003.jpg/m.0cf93t_0003.jpg,m.0cf93t_0003,m.0cf93t,enrolled,Asian,36,m.0cf93t,48.0
Asian_m.0cf93t/m.0cf93t_0005.jpg/m.0cf93t_0005.jpg,m.0cf93t_0005,m.0cf93t,enrolled,Asian,33,m.0cf93t,59.0
Asian_m.0cf93t/m.0cf93t_0008.jpg/m.0cf93t_0008.jpg,m.0cf93t_0008,m.0cf93t,enrolled,Asian,36,m.0cf93t,19.0
Asian_m.0ddxl5/m.0ddxl5_0003.jpg/m.0ddxl5_0003.jpg,m.0ddxl5_0003,m.0ddxl5,enrolled,Asian,29,m.0ddxl5,31.0
Asian_m.0ddxl5/m.0ddxl5_0004.jpg/m.0ddxl5_0004.jpg,m.0ddxl5_0004,m.0ddxl5,enrolled,Asian,37,m.0ddxl5,63.0
Asian_m.0dgpmgw/m.0dgpmgw_0001.jpg/m.0dgpmgw_0001.jpg,m.0dgpmgw_0001,m.0dgpmgw,enrolled,Asian,37,m.0dgpmgw,24.0
Asian_m.0dgpmgw/m.0dgpmgw_0002.jpg/m.0dgpmgw_0002.jpg,m.0dgpmgw_0002,m.0dgpmgw,enrolled,Asian,44,m.0dgpmgw,82.0
Asian_m.0fnz3z/m.0fnz3z_0001.jpg/m.0fnz3z_0001.jpg,m.0fnz3z_0001,m.0fnz3z,enrolled,Asian,19,m.0fnz3z,7.0
Asian_m.0fnz3z/m.0fnz3z_0003.jpg/m.0fnz3z_0003.jpg,m.0fnz3z_0003,m.0fnz3z,enrolled,Asian,31,m.0fnz3z,2.0
Asian_m.0g04z9/m.0g04z9_0001.jpg/m.0g04z9_0001.jpg,m.0g04z9_0001,m.0g04z9,enrolled,Asian,22,m.0g04z9,34.0
Asian_m.0g04z9/m.0g04z9_0002.jpg/m.0g04z9_0002.jpg,m.0g04z9_0002,m.0g04z9,enrolled,Asian,29,m.0g04z9,15.0
Asian_m.0gc6z2n/m.0gc6z2n_0001.jpg/m.0gc6z2n_0001.jpg,m.0gc6z2n_0001,m.0gc6z2n,enrolled,Asian,37,m.0gc6z2n,77.0
Asian_m.0gc6z2n/m.0gc6z2n_0002.jpg/m.0gc6z2n_0002.jpg,m.0gc6z2n_0002,m.0gc6z2n,enrolled,Asian,42,m.0gc6z2n,60.0
Asian_m.0gpqhm/m.0gpqhm_0002.jpg/m.0gpqhm_0002.jpg,m.0gpqhm_0002,m.0gpqhm,enrolled,Asian,36,m.0gpqhm,32.0
Asian_m.0gpqhm/m.0gpqhm_0004.jpg/m.0gpqhm_0004.jpg,m.0gpqhm_0004,m.0gpqhm,enrolled,Asian,37,m.0gpqhm,19.0
Asian_m.0gx1hbx/m.0gx1hbx_0002.jpg/m.0gx1hbx_0002.jpg,m.0gx1hbx_0002,m.0gx1hbx,enrolled,Asian,20,m.0gx1hbx,69.0
Asian_m.0gx1hbx/m.0gx1hbx_0004.jpg/m.0gx1hbx_0004.jpg,m.0gx1hbx_0004,m.0gx1hbx,enrolled,Asian,21,m.0gx1hbx,49.0
Asian_m.0gyrwjf/m.0gyrwjf_0001.jpg/m.0gyrwjf_0001.jpg,m.0gyrwjf_0001,m.0gyrwjf,enrolled,Asian,35,m.0gyrwjf,
Asian_m.0gyrwjf/m.0gyrwjf_0005.jpg/m.0gyrwjf_0005.jpg,m.0gyrwjf_0005,m.0gyrwjf,enrolled,Asian,28,m.0gyrwjf,57.0
Asian_m.0h3f3pj/m.0h3f3pj_0005.jpg/m.0h3f3pj_0005.jpg,m.0h3f3pj_0005,m.0h3f3pj,enrolled,Asian,26,m.0h3f3pj,8.0
Asian_m.0h3f3pj/m.0h3f3pj_0006.jpg/m.0h3f3pj_0006.jpg,m.0h3f3pj_0006,m.0h3f3pj,enrolled,Asian,29,m.0h3f3pj,4.0
Asian_m.0h6h8w/m.0h6h8w_0004.jpg/m.0h6h8w_0004.jpg,m.0h6h8w_0004,m.0h6h8w,enrolled,Asian,23,m.0h6h8w,5.0
Asian_m.0h6h8w/m.0h6h8w_0005.jpg/m.0h6h8w_0005.jpg,m.0h6h8w_0005,m.0h6h8w,enrolled,Asian,24,m.0h6h8w,6.0
Asian_m.0jt578s/m.0jt578s_0001.jpg/m.0jt578s_0001.jpg,m.0jt578s_0001,m.0jt578s,enrolled,Asian,28,m.0jt578s,16.0
Asian_m.0jt578s/m.0jt578s_0003.jpg/m.0jt578s_0003.jpg,m.0jt578s_0003,m.0jt578s,enrolled,Asian,36,m.0jt578s,73.0
Asian_m.0jt578s/m.0jt578s_0004.jpg/m.0jt578s_0004.jpg,m.0jt578s_0004,m.0jt578s,enrolled,Asian,26,m.0jt578s,11.0
Asian_m.0jvt9gt/m.0jvt9gt_0001.jpg/m.0jvt9gt_0001.jpg,m.0jvt9gt_0001,m.0jvt9gt,enrolled,Asian,53,m.0jvt9gt,21.0
Asian_m.0jvt9gt/m.0jvt9gt_0002.jpg/m.0jvt9gt_0002.jpg,m.0jvt9gt_0002,m.0jvt9gt,enrolled,Asian,40,m.0jvt9gt,41.0
Asian_m.0k__f5/m.0k__f5_0001.jpg/m.0k__f5_0001.jpg,m.0k__f5_0001,m.0k__f5,enrolled,Asian,30,m.0k__f5,19.0
Asian_m.0k__f5/m.0k__f5_0005.jpg/m.0k__f5_0005.jpg,m.0k__f5_0005,m.0k__f5,enrolled,Asian,31,m.0k__f5,72.0
Caucasian_m.011_2h/m.011_2h_0001.jpg/m.011_2h_0001.jpg,m.011_2h_0001,m.011_2h,enrolled,Caucasian,29,m.011_2h,16.0
Caucasian_m.011_2h/m.011_2h_0002.jpg/m.011_2h_0002.jpg,m.011_2h_0002,m.011_2h,enrolled,Caucasian,35,m.011_2h,6.0
Caucasian_m.0144_b/m.0144_b_0001.jpg/m.0144_b_0001.jpg,m.0144_b_0001,m.0144_b,enrolled,Caucasian,41,m.0144_b,8.0
Caucasian_m.0144_b/m.0144_b_0003.jpg/m.0144_b_0003.jpg,m.0144_b_0003,m.0144_b,enrolled,Caucasian,49,m.0144_b,52.0
Caucasian_m.01jscz/m.01jscz_0001.jpg/m.01jscz_0001.jpg,m.01jscz_0001,m.01jscz,enrolled,Caucasian,36,m.01jscz,59.0
Caucasian_m.01jscz/m.01jscz_0003.jpg/m.01jscz_0003.jpg,m.01jscz_0003,m.01jscz,enrolled,Caucasian,35,m.01jscz,51.0
Caucasian_m.01lz_v/m.01lz_v_0004.jpg/m.01lz_v_0004.jpg,m.01lz_v_0004,m.01lz_v,enrolled,Caucasian,25,m.01lz_v,29.0
Caucasian_m.01lz_v/m.01lz_v_0005.jpg/m.01lz_v_0005.jpg,m.01lz_v_0005,m.01lz_v,enrolled,Caucasian,23,m.01lz_v,58.0
Caucasian_m.01mqgf/m.01mqgf_0002.jpg/m.01mqgf_0002.jpg,m.01mqgf_0002,m.01mqgf,enrolled,Caucasian,40,m.01mqgf,9.0
Caucasian_m.01mqgf/m.01mqgf_0004.jpg/m.01mqgf_0004.jpg,m.01mqgf_0004,m.01mqgf,enrolled,Caucasian,22,m.01mqgf,22.0
Caucasian_m.01qtvnk/m.01qtvnk_0001.jpg/m.01qtvnk_0001.jpg,m.01qtvnk_0001,m.01qtvnk,enrolled,Caucasian,56,m.01qtvnk,45.0
Caucasian_m.01qtvnk/m.01qtvnk_0002.jpg/m.01qtvnk_0002.jpg,m.01qtvnk_0002,m.01qtvnk,enrolled,Caucasian,42,m.01qtvnk,7.0
Caucasian_m.025wgh2/m.025wgh2_0004.jpg/m.025wgh2_0004.jpg,m.025wgh2_0004,m.025wgh2,enrolled,Caucasian,31,m.025wgh2,69.0
Caucasian_m.025wgh2/m.025wgh2_0005.jpg/m.025wgh2_0005.jpg,m.025wgh2_0005,m.025wgh2,enrolled,Caucasian,27,m.025wgh2,55.0
Caucasian_m.0269b_s/m.0269b_s_0001.jpg/m.0269b_s_0001.jpg,m.0269b_s_0001,m.0269b_s,enrolled,Caucasian,32,m.0269b_s,27.0
Caucasian_m.0269b_s/m.0269b_s_0001.jpg/m.0269b_s_0001.jpg,m.0269b_s_0001,m.0269b_s,enrolled,Caucasian,32,m.0269b_s,27.0
Caucasian_m.0269b_s/m.0269b_s_0003.jpg/m.0269b_s_0003.jpg,m.0269b_s_0003,m.0269b_s,enrolled,Caucasian,40,m.0269b_s,10.0
Caucasian_m.0269b_s/m.0269b_s_0003.jpg/m.0269b_s_0003.jpg,m.0269b_s_0003,m.0269b_s,enrolled,Caucasian,40,m.0269b_s,10.0
Caucasian_m.026njl2/m.026njl2_0004.jpg/m.026njl2_0004.jpg,m.026njl2_0004,m.026njl2,enrolled,Caucasian,25,m.026njl2,61.0
Caucasian_m.026njl2/m.026njl2_0006.jpg/m.026njl2_0006.jpg,m.026njl2_0006,m.026njl2,enrolled,Caucasian,31,m.026njl2,41.0
Caucasian_m.02729k2/m.02729k2_0002.jpg/m.02729k2_0002.jpg,m.02729k2_0002,m.02729k2,enrolled,Caucasian,29,m.02729k2,8.0
Caucasian_m.02729k2/m.02729k2_0002.jpg/m.02729k2_0002.jpg,m.02729k2_0002,m.02729k2,enrolled,Caucasian,29,m.02729k2,8.0
Caucasian_m.02729k2/m.02729k2_0005.jpg/m.02729k2_0005.jpg,m.02729k2_0005,m.02729k2,enrolled,Caucasian,33,m.02729k2,44.0
Caucasian_m.02729k2/m.02729k2_0005.jpg/m.02729k2_0005.jpg,m.02729k2_0005,m.02729k2,enrolled,Caucasian,33,m.02729k2,44.0
Caucasian_m.02729k2/m.02729k2_0006.jpg/m.02729k2_0006.jpg,m.02729k2_0006,m.02729k2,enrolled,Caucasian,34,m.02729k2,71.0
Caucasian_m.02729k2/m.02729k2_0006.jpg/m.02729k2_0006.jpg,m.02729k2_0006,m.02729k2,enrolled,Caucasian,34,m.02729k2,71.0
Caucasian_m.028tyf/m.028tyf_0001.jpg/m.028tyf_0001.jpg,m.028tyf_0001,m.028tyf,enrolled,Caucasian,42,m.028tyf,20.0
Caucasian_m.028tyf/m.028tyf_0003.jpg/m.028tyf_0003.jpg,m.028tyf_0003,m.028tyf,enrolled,Caucasian,47,m.028tyf,20.0
Caucasian_m.02fcs2/m.02fcs2_0002.jpg/m.02fcs2_0002.jpg,m.02fcs2_0002,m.02fcs2,enrolled,Caucasian,52,m.02fcs2,88.0
Caucasian_m.02fcs2/m.02fcs2_0004.jpg/m.02fcs2_0004.jpg,m.02fcs2_0004,m.02fcs2,enrolled,Caucasian,57,m.02fcs2,79.0
Caucasian_m.02kbh4/m.02kbh4_0001.jpg/m.02kbh4_0001.jpg,m.02kbh4_0001,m.02kbh4,enrolled,Caucasian,69,m.02kbh4,77.0
Caucasian_m.02kbh4/m.02kbh4_0002.jpg/m.02kbh4_0002.jpg,m.02kbh4_0002,m.02kbh4,enrolled,Caucasian,69,m.02kbh4,36.0
Caucasian_m.02qf_k6/m.02qf_k6_0001.jpg/m.02qf_k6_0001.jpg,m.02qf_k6_0001,m.02qf_k6,enrolled,Caucasian,36,m.02qf_k6,7.0
Caucasian_m.02qf_k6/m.02qf_k6_0002.jpg/m.02qf_k6_0002.jpg,m.02qf_k6_0002,m.02qf_k6,enrolled,Caucasian,37,m.02qf_k6,76.0
Caucasian_m.02rx86/m.02rx86_0002.jpg/m.02rx86_0002.jpg,m.02rx86_0002,m.02rx86,enrolled,Caucasian,36,m.02rx86,28.0
Caucasian_m.02rx86/m.02rx86_0003.jpg/m.02rx86_0003.jpg,m.02rx86_0003,m.02rx86,enrolled,Caucasian,39,m.02rx86,49.0
Caucasian_m.02vldwh/m.02vldwh_0001.jpg/m.02vldwh_0001.jpg,m.02vldwh_0001,m.02vldwh,enrolled,Caucasian,65,m.02vldwh,58.0
Caucasian_m.02vldwh/m.02vldwh_0003.jpg/m.02vldwh_0003.jpg,m.02vldwh_0003,m.02vldwh,enrolled,Caucasian,54,m.02vldwh,57.0
Caucasian_m.02w20rn/m.02w20rn_0001.jpg/m.02w20rn_0001.jpg,m.02w20rn_0001,m.02w20rn,enrolled,Caucasian,49,m.02w20rn,92.0
Caucasian_m.02w20rn/m.02w20rn_0002.jpg/m.02w20rn_0002.jpg,m.02w20rn_0002,m.02w20rn,enrolled,Caucasian,42,m.02w20rn,10.0
Caucasian_m.033lqh/m.033lqh_0001.jpg/m.033lqh_0001.jpg,m.033lqh_0001,m.033lqh,enrolled,Caucasian,21,m.033lqh,15.0
Caucasian_m.033lqh/m.033lqh_0004.jpg/m.033lqh_0004.jpg,m.033lqh_0004,m.033lqh,enrolled,Caucasian,29,m.033lqh,9.0
Caucasian_m.035wq7/m.035wq7_0001.jpg/m.035wq7_0001.jpg,m.035wq7_0001,m.035wq7,enrolled,Caucasian,34,m.035wq7,56.0
Caucasian_m.035wq7/m.035wq7_0002.jpg/m.035wq7_0002.jpg,m.035wq7_0002,m.035wq7,enrolled,Caucasian,50,m.035wq7,90.0
Caucasian_m.036cp4/m.036cp4_0002.jpg/m.036cp4_0002.jpg,m.036cp4_0002,m.036cp4,enrolled,Caucasian,60,m.036cp4,70.0
Caucasian_m.036cp4/m.036cp4_0003.jpg/m.036cp4_0003.jpg,m.036cp4_0003,m.036cp4,enrolled,Caucasian,50,m.036cp4,18.0
Caucasian_m.03k95p/m.03k95p_0001.jpg/m.03k95p_0001.jpg,m.03k95p_0001,m.03k95p,enrolled,Caucasian,36,m.03k95p,49.0
Caucasian_m.03k95p/m.03k95p_0002.jpg/m.03k95p_0002.jpg,m.03k95p_0002,m.03k95p,enrolled,Caucasian,40,m.03k95p,13.0
Caucasian_m.03qftfq/m.03qftfq_0004.jpg/m.03qftfq_0004.jpg,m.03qftfq_0004,m.03qftfq,enrolled,Caucasian,45,m.03qftfq,44.0
Caucasian_m.03qftfq/m.03qftfq_0005.jpg/m.03qftfq_0005.jpg,m.03qftfq_0005,m.03qftfq,enrolled,Caucasian,45,m.03qftfq,58.0
Caucasian_m.047mvxn/m.047mvxn_0001.jpg/m.047mvxn_0001.jpg,m.047mvxn_0001,m.047mvxn,enrolled,Caucasian,32,m.047mvxn,37.0
Caucasian_m.047mvxn/m.047mvxn_0004.jpg/m.047mvxn_0004.jpg,m.047mvxn_0004,m.047mvxn,enrolled,Caucasian,34,m.047mvxn,16.0
Caucasian_m.047qk72/m.047qk72_0002.jpg/m.047qk72_0002.jpg,m.047qk72_0002,m.047qk72,enrolled,Caucasian,31,m.047qk72,15.0
Caucasian_m.047qk72/m.047qk72_0003.jpg/m.047qk72_0003.jpg,m.047qk72_0003,m.047qk72,enrolled,Caucasian,32,m.047qk72,79.0
Caucasian_m.04t04m/m.04t04m_0001.jpg/m.04t04m_0001.jpg,m.04t04m_0001,m.04t04m,enrolled,Caucasian,51,m.04t04m,62.0
Caucasian_m.04t04m/m.04t04m_0002.jpg/m.04t04m_0002.jpg,m.04t04m_0002,m.04t04m,enrolled,Caucasian,52,m.04t04m,24.0
Caucasian_m.04vq3h/m.04vq3h_0004.jpg/m.04vq3h_0004.jpg,m.04vq3h_0004,m.04vq3h,enrolled,Caucasian,51,m.04vq3h,80.0
Caucasian_m.04vq3h/m.04vq3h_0006.jpg/m.04vq3h_0006.jpg,m.04vq3h_0006,m.04vq3h,enrolled,Caucasian,49,m.04vq3h,67.0
Caucasian_m.04w9ky/m.04w9ky_0001.jpg/m.04w9ky_0001.jpg,m.04w9ky_0001,m.04w9ky,enrolled,Caucasian,23,m.04w9ky,33.0
Caucasian_m.04w9ky/m.04w9ky_0002.jpg/m.04w9ky_0002.jpg,m.04w9ky_0002,m.04w9ky,enrolled,Caucasian,31,m.04w9ky,72.0
Caucasian_m.04zbq8/m.04zbq8_0003.jpg/m.04zbq8_0003.jpg,m.04zbq8_0003,m.04zbq8,enrolled,Caucasian,52,m.04zbq8,62.0
Caucasian_m.04zbq8/m.04zbq8_0004.jpg/m.04zbq8_0004.jpg,m.04zbq8_0004,m.04zbq8,enrolled,Caucasian,53,m.04zbq8,70.0
Caucasian_m.04zz2t/m.04zz2t_0002.jpg/m.04zz2t_0002.jpg,m.04zz2t_0002,m.04zz2t,enrolled,Caucasian,63,m.04zz2t,47.0
Caucasian_m.04zz2t/m.04zz2t_0003.jpg/m.04zz2t_0003.jpg,m.04zz2t_0003,m.04zz2t,enrolled,Caucasian,64,m.04zz2t,52.0
Caucasian_m.04_ct7/m.04_ct7_0001.jpg/m.04_ct7_0001.jpg,m.04_ct7_0001,m.04_ct7,enrolled,Caucasian,53,m.04_ct7,57.0
Caucasian_m.04_ct7/m.04_ct7_0004.jpg/m.04_ct7_0004.jpg,m.04_ct7_0004,m.04_ct7,enrolled,Caucasian,49,m.04_ct7,69.0
Caucasian_m.059t6d/m.059t6d_0002.jpg/m.059t6d_0002.jpg,m.059t6d_0002,m.059t6d,enrolled,Caucasian,47,m.059t6d,78.0
Caucasian_m.059t6d/m.059t6d_0003.jpg/m.059t6d_0003.jpg,m.059t6d_0003,m.059t6d,enrolled,Caucasian,42,m.059t6d,62.0
Caucasian_m.05bd3h/m.05bd3h_0002.jpg/m.05bd3h_0002.jpg,m.05bd3h_0002,m.05bd3h,enrolled,Caucasian,44,m.05bd3h,65.0
Caucasian_m.05bd3h/m.05bd3h_0003.jpg/m.05bd3h_0003.jpg,m.05bd3h_0003,m.05bd3h,enrolled,Caucasian,41,m.05bd3h,40.0
Caucasian_m.05nzzv/m.05nzzv_0001.jpg/m.05nzzv_0001.jpg,m.05nzzv_0001,m.05nzzv,enrolled,Caucasian,44,m.05nzzv,27.0
Caucasian_m.05nzzv/m.05nzzv_0003.jpg/m.05nzzv_0003.jpg,m.05nzzv_0003,m.05nzzv,enrolled,Caucasian,49,m.05nzzv,68.0
Caucasian_m.05vqg/m.05vqg_0001.jpg/m.05vqg_0001.jpg,m.05vqg_0001,m.05vqg,enrolled,Caucasian,49,m.05vqg,92.0
Caucasian_m.05vqg/m.05vqg_0002.jpg/m.05vqg_0002.jpg,m.05vqg_0002,m.05vqg,enrolled,Caucasian,47,m.05vqg,44.0
Caucasian_m.06fqnk/m.06fqnk_0001.jpg/m.06fqnk_0001.jpg,m.06fqnk_0001,m.06fqnk,enrolled,Caucasian,42,m.06fqnk,67.0
Caucasian_m.06fqnk/m.06fqnk_0004.jpg/m.06fqnk_0004.jpg,m.06fqnk_0004,m.06fqnk,enrolled,Caucasian,32,m.06fqnk,7.0
Caucasian_m.06frb1/m.06frb1_0001.jpg/m.06frb1_0001.jpg,m.06frb1_0001,m.06frb1,enrolled,Caucasian,32,m.06frb1,24.0
Caucasian_m.06frb1/m.06frb1_0003.jpg/m.06frb1_0003.jpg,m.06frb1_0003,m.06frb1,enrolled,Caucasian,37,m.06frb1,17.0
Caucasian_m.06g9_t/m.06g9_t_0002.jpg/m.06g9_t_0002.jpg,m.06g9_t_0002,m.06g9_t,enrolled,Caucasian,48,m.06g9_t,92.0
Caucasian_m.06g9_t/m.06g9_t_0003.jpg/m.06g9_t_0003.jpg,m.06g9_t_0003,m.06g9_t,enrolled,Caucasian,40,m.06g9_t,37.0
Caucasian_m.06t641/m.06t641_0001.jpg/m.06t641_0001.jpg,m.06t641_0001,m.06t641,enrolled,Caucasian,49,m.06t641,30.0
Caucasian_m.06t641/m.06t641_0002.jpg/m.06t641_0002.jpg,m.06t641_0002,m.06t641,enrolled,Caucasian,58,m.06t641,38.0
Caucasian_m.06xtd_/m.06xtd__0001.jpg/m.06xtd__0001.jpg,m.06xtd__0001,m.06xtd_,enrolled,Caucasian,36,m.06xtd_,16.0
Caucasian_m.06xtd_/m.06xtd__0003.jpg/m.06xtd__0003.jpg,m.06xtd__0003,m.06xtd_,enrolled,Caucasian,28,m.06xtd_,6.0
Caucasian_m.06zq52/m.06zq52_0002.jpg/m.06zq52_0002.jpg,m.06zq52_0002,m.06zq52,enrolled,Caucasian,56,m.06zq52,81.0
Caucasian_m.06zq52/m.06zq52_0003.jpg/m.06zq52_0003.jpg,m.06zq52_0003,m.06zq52,enrolled,Caucasian,52,m.06zq52,58.0
Caucasian_m.06zq52/m.06zq52_0005.jpg/m.06zq52_0005.jpg,m.06zq52_0005,m.06zq52,enrolled,Caucasian,62,m.06zq52,75.0
Caucasian_m.06_mt7/m.06_mt7_0002.jpg/m.06_mt7_0002.jpg,m.06_mt7_0002,m.06_mt7,enrolled,Caucasian,49,m.06_mt7,30.0
Caucasian_m.06_mt7/m.06_mt7_0003.jpg/m.06_mt7_0003.jpg,m.06_mt7_0003,m.06_mt7,enrolled,Caucasian,62,m.06_mt7,73.0
Caucasian_m.07g7kn/m.07g7kn_0003.jpg/m.07g7kn_0003.jpg,m.07g7kn_0003,m.07g7kn,enrolled,Caucasian,39,m.07g7kn,61.0
Caucasian_m.07g7kn/m.07g7kn_0004.jpg/m.07g7kn_0004.jpg,m.07g7kn_0004,m.07g7kn,enrolled,Caucasian,38,m.07g7kn,69.0
Caucasian_m.07h1f1/m.07h1f1_0001.jpg/m.07h1f1_0001.jpg,m.07h1f1_0001,m.07h1f1,enrolled,Caucasian,41,m.07h1f1,59.0
Caucasian_m.07h1f1/m.07h1f1_0004.jpg/m.07h1f1_0004.jpg,m.07h1f1_0004,m.07h1f1,enrolled,Caucasian,38,m.07h1f1,61.0
Caucasian_m.07xhz6/m.07xhz6_0003.jpg/m.07xhz6_0003.jpg,m.07xhz6_0003,m.07xhz6,enrolled,Caucasian,39,m.07xhz6,26.0
Caucasian_m.07xhz6/m.07xhz6_0005.jpg/m.07xhz6_0005.jpg,m.07xhz6_0005,m.07xhz6,enrolled,Caucasian,40,m.07xhz6,49.0
Caucasian_m.07zsbv/m.07zsbv_0001.jpg/m.07zsbv_0001.jpg,m.07zsbv_0001,m.07zsbv,enrolled,Caucasian,48,m.07zsbv,12.0
Caucasian_m.07zsbv/m.07zsbv_0002.jpg/m.07zsbv_0002.jpg,m.07zsbv_0002,m.07zsbv,enrolled,Caucasian,49,m.07zsbv,29.0
Caucasian_m.084qjy/m.084qjy_0001.jpg/m.084qjy_0001.jpg,m.084qjy_0001,m.084qjy,enrolled,Caucasian,29,m.084qjy,10.0
Caucasian_m.084qjy/m.084qjy_0002.jpg/m.084qjy_0002.jpg,m.084qjy_0002,m.084qjy,enrolled,Caucasian,35,m.084qjy,24.0
Caucasian_m.0883zh/m.0883zh_0002.jpg/m.0883zh_0002.jpg,m.0883zh_0002,m.0883zh,enrolled,Caucasian,30,m.0883zh,52.0
Caucasian_m.0883zh/m.0883zh_0002.jpg/m.0883zh_0002.jpg,m.0883zh_0002,m.0883zh,enrolled,Caucasian,30,m.0883zh,52.0
Caucasian_m.0883zh/m.0883zh_0004.jpg/m.0883zh_0004.jpg,m.0883zh_0004,m.0883zh,enrolled,Caucasian,29,m.0883zh,64.0
Caucasian_m.0883zh/m.0883zh_0004.jpg/m.0883zh_0004.jpg,m.0883zh_0004,m.0883zh,enrolled,Caucasian,29,m.0883zh,64.0
Caucasian_m.08dhgx/m.08dhgx_0001.jpg/m.08dhgx_0001.jpg,m.08dhgx_0001,m.08dhgx,enrolled,Caucasian,56,m.08dhgx,19.0
Caucasian_m.08dhgx/m.08dhgx_0002.jpg/m.08dhgx_0002.jpg,m.08dhgx_0002,m.08dhgx,enrolled,Caucasian,39,m.08dhgx,25.0
Caucasian_m.08dhmf/m.08dhmf_0001.jpg/m.08dhmf_0001.jpg,m.08dhmf_0001,m.08dhmf,enrolled,Caucasian,50,m.08dhmf,63.0
Caucasian_m.08dhmf/m.08dhmf_0004.jpg/m.08dhmf_0004.jpg,m.08dhmf_0004,m.08dhmf,enrolled,Caucasian,49,m.08dhmf,82.0
Caucasian_m.08mggv/m.08mggv_0003.jpg/m.08mggv_0003.jpg,m.08mggv_0003,m.08mggv,enrolled,Caucasian,41,m.08mggv,64.0
Caucasian_m.08mggv/m.08mggv_0005.jpg/m.08mggv_0005.jpg,m.08mggv_0005,m.08mggv,enrolled,Caucasian,40,m.08mggv,21.0
Caucasian_m.09jfhz/m.09jfhz_0001.jpg/m.09jfhz_0001.jpg,m.09jfhz_0001,m.09jfhz,enrolled,Caucasian,59,m.09jfhz,24.0
Caucasian_m.09jfhz/m.09jfhz_0003.jpg/m.09jfhz_0003.jpg,m.09jfhz_0003,m.09jfhz,enrolled,Caucasian,43,m.09jfhz,19.0
Caucasian_m.09r1n7/m.09r1n7_0001.jpg/m.09r1n7_0001.jpg,m.09r1n7_0001,m.09r1n7,enrolled,Caucasian,20,m.09r1n7,66.0
Caucasian_m.09r1n7/m.09r1n7_0003.jpg/m.09r1n7_0003.jpg,m.09r1n7_0003,m.09r1n7,enrolled,Caucasian,24,m.09r1n7,64.0
Caucasian_m.09wsvh/m.09wsvh_0001.jpg/m.09wsvh_0001.jpg,m.09wsvh_0001,m.09wsvh,enrolled,Caucasian,38,m.09wsvh,41.0
Caucasian_m.09wsvh/m.09wsvh_0003.jpg/m.09wsvh_0003.jpg,m.09wsvh_0003,m.09wsvh,enrolled,Caucasian,32,m.09wsvh,45.0
Caucasian_m.0bh9pqh/m.0bh9pqh_0002.jpg/m.0bh9pqh_0002.jpg,m.0bh9pqh_0002,m.0bh9pqh,enrolled,Caucasian,25,m.0bh9pqh,13.0
Caucasian_m.0bh9pqh/m.0bh9pqh_0005.jpg/m.0bh9pqh_0005.jpg,m.0bh9pqh_0005,m.0bh9pqh,enrolled,Caucasian,22,m.0bh9pqh,65.0
Caucasian_m.0brpvb/m.0brpvb_0002.jpg/m.0brpvb_0002.jpg,m.0brpvb_0002,m.0brpvb,enrolled,Caucasian,49,m.0brpvb,49.0
Caucasian_m.0brpvb/m.0brpvb_0003.jpg/m.0brpvb_0003.jpg,m.0brpvb_0003,m.0brpvb,enrolled,Caucasian,48,m.0brpvb,55.0
Caucasian_m.0bs1_8b/m.0bs1_8b_0001.jpg/m.0bs1_8b_0001.jpg,m.0bs1_8b_0001,m.0bs1_8b,enrolled,Caucasian,40,m.0bs1_8b,44.0
Caucasian_m.0bs1_8b/m.0bs1_8b_0002.jpg/m.0bs1_8b_0002.jpg,m.0bs1_8b_0002,m.0bs1_8b,enrolled,Caucasian,35,m.0bs1_8b,75.0
Caucasian_m.0c998h/m.0c998h_0001.jpg/m.0c998h_0001.jpg,m.0c998h_0001,m.0c998h,enrolled,Caucasian,34,m.0c998h,51.0
Caucasian_m.0c998h/m.0c998h_0002.jpg/m.0c998h_0002.jpg,m.0c998h_0002,m.0c998h,enrolled,Caucasian,29,m.0c998h,61.0
Caucasian_m.0ch929y/m.0ch929y_0001.jpg/m.0ch929y_0001.jpg,m.0ch929y_0001,m.0ch929y,enrolled,Caucasian,36,m.0ch929y,23.0
Caucasian_m.0ch929y/m.0ch929y_0002.jpg/m.0ch929y_0002.jpg,m.0ch929y_0002,m.0ch929y,enrolled,Caucasian,47,m.0ch929y,21.0
Caucasian_m.0dbxj/m.0dbxj_0001.jpg/m.0dbxj_0001.jpg,m.0dbxj_0001,m.0dbxj,enrolled,Caucasian,42,m.0dbxj,36.0
Caucasian_m.0dbxj/m.0dbxj_0004.jpg/m.0dbxj_0004.jpg,m.0dbxj_0004,m.0dbxj,enrolled,Caucasian,37,m.0dbxj,46.0
Caucasian_m.0dfll4/m.0dfll4_0001.jpg/m.0dfll4_0001.jpg,m.0dfll4_0001,m.0dfll4,enrolled,Caucasian,36,m.0dfll4,75.0
Caucasian_m.0dfll4/m.0dfll4_0005.jpg/m.0dfll4_0005.jpg,m.0dfll4_0005,m.0dfll4,enrolled,Caucasian,37,m.0dfll4,18.0
Caucasian_m.0dg0v6/m.0dg0v6_0002.jpg/m.0dg0v6_0002.jpg,m.0dg0v6_0002,m.0dg0v6,enrolled,Caucasian,54,m.0dg0v6,22.0
Caucasian_m.0dg0v6/m.0dg0v6_0003.jpg/m.0dg0v6_0003.jpg,m.0dg0v6_0003,m.0dg0v6,enrolled,Caucasian,55,m.0dg0v6,43.0
Caucasian_m.0gv2zl/m.0gv2zl_0001.jpg/m.0gv2zl_0001.jpg,m.0gv2zl_0001,m.0gv2zl,enrolled,Caucasian,23,m.0gv2zl,26.0
Caucasian_m.0gv2zl/m.0gv2zl_0002.jpg/m.0gv2zl_0002.jpg,m.0gv2zl_0002,m.0gv2zl,enrolled,Caucasian,28,m.0gv2zl,39.0
Caucasian_m.0gyt6gp/m.0gyt6gp_0002.jpg/m.0gyt6gp_0002.jpg,m.0gyt6gp_0002,m.0gyt6gp,enrolled,Caucasian,26,m.0gyt6gp,28.0
Caucasian_m.0gyt6gp/m.0gyt6gp_0003.jpg/m.0gyt6gp_0003.jpg,m.0gyt6gp_0003,m.0gyt6gp,enrolled,Caucasian,27,m.0gyt6gp,78.0
Caucasian_m.0h5m26/m.0h5m26_0001.jpg/m.0h5m26_0001.jpg,m.0h5m26_0001,m.0h5m26,enrolled,Caucasian,36,m.0h5m26,72.0
Caucasian_m.0h5m26/m.0h5m26_0003.jpg/m.0h5m26_0003.jpg,m.0h5m26_0003,m.0h5m26,enrolled,Caucasian,39,m.0h5m26,6.0
Caucasian_m.0j_6nsk/m.0j_6nsk_0003.jpg/m.0j_6nsk_0003.jpg,m.0j_6nsk_0003,m.0j_6nsk,enrolled,Caucasian,30,m.0j_6nsk,22.0
Caucasian_m.0j_6nsk/m.0j_6nsk_0004.jpg/m.0j_6nsk_0004.jpg,m.0j_6nsk_0004,m.0j_6nsk,enrolled,Caucasian,44,m.0j_6nsk,59.0
Caucasian_m.0kg1zcd/m.0kg1zcd_0001.jpg/m.0kg1zcd_0001.jpg,m.0kg1zcd_0001,m.0kg1zcd,enrolled,Caucasian,19,m.0kg1zcd,26.0
Caucasian_m.0kg1zcd/m.0kg1zcd_0003.jpg/m.0kg1zcd_0003.jpg,m.0kg1zcd_0003,m.0kg1zcd,enrolled,Caucasian,23,m.0kg1zcd,9.0
Indian_m.018fkc/m.018fkc_0001.jpg/m.018fkc_0001.jpg,m.018fkc_0001,m.018fkc,enrolled,Indian,23,m.018fkc,19.0
Indian_m.018fkc/m.018fkc_0003.jpg/m.018fkc_0003.jpg,m.018fkc_0003,m.018fkc,enrolled,Indian,34,m.018fkc,20.0
Indian_m.019fxc/m.019fxc_0001.jpg/m.019fxc_0001.jpg,m.019fxc_0001,m.019fxc,enrolled,Indian,45,m.019fxc,45.0
Indian_m.019fxc/m.019fxc_0003.jpg/m.019fxc_0003.jpg,m.019fxc_0003,m.019fxc,enrolled,Indian,43,m.019fxc,50.0
Indian_m.01r507s/m.01r507s_0002.jpg/m.01r507s_0002.jpg,m.01r507s_0002,m.01r507s,enrolled,Indian,36,m.01r507s,29.0
Indian_m.01r507s/m.01r507s_0003.jpg/m.01r507s_0003.jpg,m.01r507s_0003,m.01r507s,enrolled,Indian,34,m.01r507s,48.0
Indian_m.01t23c/m.01t23c_0001.jpg/m.01t23c_0001.jpg,m.01t23c_0001,m.01t23c,enrolled,Indian,42,m.01t23c,18.0
Indian_m.01t23c/m.01t23c_0003.jpg/m.01t23c_0003.jpg,m.01t23c_0003,m.01t23c,enrolled,Indian,39,m.01t23c,10.0
Indian_m.01vb5r/m.01vb5r_0001.jpg/m.01vb5r_0001.jpg,m.01vb5r_0001,m.01vb5r,enrolled,Indian,77,m.01vb5r,79.0
Indian_m.01vb5r/m.01vb5r_0003.jpg/m.01vb5r_0003.jpg,m.01vb5r_0003,m.01vb5r,enrolled,Indian,61,m.01vb5r,64.0
Indian_m.01vd4rn/m.01vd4rn_0002.jpg/m.01vd4rn_0002.jpg,m.01vd4rn_0002,m.01vd4rn,enrolled,Indian,57,m.01vd4rn,48.0
Indian_m.01vd4rn/m.01vd4rn_0004.jpg/m.01vd4rn_0004.jpg,m.01vd4rn_0004,m.01vd4rn,enrolled,Indian,36,m.01vd4rn,14.0
Indian_m.01wtnrb/m.01wtnrb_0005.jpg/m.01wtnrb_0005.jpg,m.01wtnrb_0005,m.01wtnrb,enrolled,Indian,23,m.01wtnrb,74.0
Indian_m.01wtnrb/m.01wtnrb_0006.jpg/m.01wtnrb_0006.jpg,m.01wtnrb_0006,m.01wtnrb,enrolled,Indian,21,m.01wtnrb,89.0
Indian_m.01x9_q/m.01x9_q_0002.jpg/m.01x9_q_0002.jpg,m.01x9_q_0002,m.01x9_q,enrolled,Indian,38,m.01x9_q,71.0
Indian_m.01x9_q/m.01x9_q_0003.jpg/m.01x9_q_0003.jpg,m.01x9_q_0003,m.01x9_q,enrolled,Indian,47,m.01x9_q,56.0
Indian_m.025yyhq/m.025yyhq_0001.jpg/m.025yyhq_0001.jpg,m.025yyhq_0001,m.025yyhq,enrolled,Indian,40,m.025yyhq,87.0
Indian_m.025yyhq/m.025yyhq_0005.jpg/m.025yyhq_0005.jpg,m.025yyhq_0005,m.025yyhq,enrolled,Indian,43,m.025yyhq,82.0
Indian_m.02650q9/m.02650q9_0003.jpg/m.02650q9_0003.jpg,m.02650q9_0003,m.02650q9,enrolled,Indian,47,m.02650q9,50.0
Indian_m.02650q9/m.02650q9_0003.jpg/m.02650q9_0003.jpg,m.02650q9_0003,m.02650q9,enrolled,Indian,47,m.02650q9,50.0
Indian_m.02650q9/m.02650q9_0004.jpg/m.02650q9_0004.jpg,m.02650q9_0004,m.02650q9,enrolled,Indian,48,m.02650q9,27.0
Indian_m.02650q9/m.02650q9_0004.jpg/m.02650q9_0004.jpg,m.02650q9_0004,m.02650q9,enrolled,Indian,48,m.02650q9,27.0
Indian_m.0271dpr/m.0271dpr_0001.jpg/m.0271dpr_0001.jpg,m.0271dpr_0001,m.0271dpr,enrolled,Indian,42,m.0271dpr,41.0
Indian_m.0271dpr/m.0271dpr_0001.jpg/m.0271dpr_0001.jpg,m.0271dpr_0001,m.0271dpr,enrolled,Indian,42,m.0271dpr,41.0
Indian_m.0271dpr/m.0271dpr_0002.jpg/m.0271dpr_0002.jpg,m.0271dpr_0002,m.0271dpr,enrolled,Indian,38,m.0271dpr,11.0
Indian_m.0271dpr/m.0271dpr_0002.jpg/m.0271dpr_0002.jpg,m.0271dpr_0002,m.0271dpr,enrolled,Indian,38,m.0271dpr,11.0
Indian_m.0271zv7/m.0271zv7_0002.jpg/m.0271zv7_0002.jpg,m.0271zv7_0002,m.0271zv7,enrolled,Indian,49,m.0271zv7,41.0
Indian_m.0271zv7/m.0271zv7_0002.jpg/m.0271zv7_0002.jpg,m.0271zv7_0002,m.0271zv7,enrolled,Indian,49,m.0271zv7,41.0
Indian_m.0271zv7/m.0271zv7_0003.jpg/m.0271zv7_0003.jpg,m.0271zv7_0003,m.0271zv7,enrolled,Indian,33,m.0271zv7,16.0
Indian_m.0271zv7/m.0271zv7_0003.jpg/m.0271zv7_0003.jpg,m.0271zv7_0003,m.0271zv7,enrolled,Indian,33,m.0271zv7,16.0
Indian_m.0276w0t/m.0276w0t_0003.jpg/m.0276w0t_0003.jpg,m.0276w0t_0003,m.0276w0t,enrolled,Indian,24,m.0276w0t,5.0
Indian_m.0276w0t/m.0276w0t_0003.jpg/m.0276w0t_0003.jpg,m.0276w0t_0003,m.0276w0t,enrolled,Indian,24,m.0276w0t,5.0
Indian_m.0276w0t/m.0276w0t_0004.jpg/m.0276w0t_0004.jpg,m.0276w0t_0004,m.0276w0t,enrolled,Indian,25,m.0276w0t,69.0
Indian_m.0276w0t/m.0276w0t_0004.jpg/m.0276w0t_0004.jpg,m.0276w0t_0004,m.0276w0t,enrolled,Indian,25,m.0276w0t,69.0
Indian_m.02780sm/m.02780sm_0003.jpg/m.02780sm_0003.jpg,m.02780sm_0003,m.02780sm,enrolled,Indian,29,m.02780sm,69.0
Indian_m.02780sm/m.02780sm_0003.jpg/m.02780sm_0003.jpg,m.02780sm_0003,m.02780sm,enrolled,Indian,29,m.02780sm,69.0
Indian_m.02780sm/m.02780sm_0004.jpg/m.02780sm_0004.jpg,m.02780sm_0004,m.02780sm,enrolled,Indian,27,m.02780sm,62.0
Indian_m.02780sm/m.02780sm_0004.jpg/m.02780sm_0004.jpg,m.02780sm_0004,m.02780sm,enrolled,Indian,27,m.02780sm,62.0
Indian_m.027q5vk/m.027q5vk_0003.jpg/m.027q5vk_0003.jpg,m.027q5vk_0003,m.027q5vk,enrolled,Indian,27,m.027q5vk,35.0
Indian_m.027q5vk/m.027q5vk_0004.jpg/m.027q5vk_0004.jpg,m.027q5vk_0004,m.027q5vk,enrolled,Indian,37,m.027q5vk,49.0
Indian_m.027wj9j/m.027wj9j_0002.jpg/m.027wj9j_0002.jpg,m.027wj9j_0002,m.027wj9j,enrolled,Indian,32,m.027wj9j,8.0
Indian_m.027wj9j/m.027wj9j_0003.jpg/m.027wj9j_0003.jpg,m.027wj9j_0003,m.027wj9j,enrolled,Indian,36,m.027wj9j,17.0
Indian_m.027ztj2/m.027ztj2_0002.jpg/m.027ztj2_0002.jpg,m.027ztj2_0002,m.027ztj2,enrolled,Indian,32,m.027ztj2,79.0
Indian_m.027ztj2/m.027ztj2_0003.jpg/m.027ztj2_0003.jpg,m.027ztj2_0003,m.027ztj2,enrolled,Indian,22,m.027ztj2,24.0
Indian_m.0281mp2/m.0281mp2_0002.jpg/m.0281mp2_0002.jpg,m.0281mp2_0002,m.0281mp2,enrolled,Indian,43,m.0281mp2,66.0
Indian_m.0281mp2/m.0281mp2_0002.jpg/m.0281mp2_0002.jpg,m.0281mp2_0002,m.0281mp2,enrolled,Indian,43,m.0281mp2,66.0
Indian_m.0281mp2/m.0281mp2_0004.jpg/m.0281mp2_0004.jpg,m.0281mp2_0004,m.0281mp2,enrolled,Indian,46,m.0281mp2,83.0
Indian_m.0281mp2/m.0281mp2_0004.jpg/m.0281mp2_0004.jpg,m.0281mp2_0004,m.0281mp2,enrolled,Indian,46,m.0281mp2,83.0
Indian_m.0288m_h/m.0288m_h_0002.jpg/m.0288m_h_0002.jpg,m.0288m_h_0002,m.0288m_h,enrolled,Indian,22,m.0288m_h,74.0
Indian_m.0288m_h/m.0288m_h_0002.jpg/m.0288m_h_0002.jpg,m.0288m_h_0002,m.0288m_h,enrolled,Indian,22,m.0288m_h,74.0
Indian_m.0288m_h/m.0288m_h_0003.jpg/m.0288m_h_0003.jpg,m.0288m_h_0003,m.0288m_h,enrolled,Indian,33,m.0288m_h,
Indian_m.02dh5d/m.02dh5d_0001.jpg/m.02dh5d_0001.jpg,m.02dh5d_0001,m.02dh5d,enrolled,Indian,62,m.02dh5d,21.0
Indian_m.02dh5d/m.02dh5d_0003.jpg/m.02dh5d_0003.jpg,m.02dh5d_0003,m.02dh5d,enrolled,Indian,75,m.02dh5d,50.0
Indian_m.02dh5d/m.02dh5d_0004.jpg/m.02dh5d_0004.jpg,m.02dh5d_0004,m.02dh5d,enrolled,Indian,72,m.02dh5d,62.0
Indian_m.02qnj9h/m.02qnj9h_0002.jpg/m.02qnj9h_0002.jpg,m.02qnj9h_0002,m.02qnj9h,enrolled,Indian,25,m.02qnj9h,7.0
Indian_m.02qnj9h/m.02qnj9h_0004.jpg/m.02qnj9h_0004.jpg,m.02qnj9h_0004,m.02qnj9h,enrolled,Indian,27,m.02qnj9h,10.0
Indian_m.02w2_m6/m.02w2_m6_0001.jpg/m.02w2_m6_0001.jpg,m.02w2_m6_0001,m.02w2_m6,enrolled,Indian,48,m.02w2_m6,77.0
Indian_m.02w2_m6/m.02w2_m6_0003.jpg/m.02w2_m6_0003.jpg,m.02w2_m6_0003,m.02w2_m6,enrolled,Indian,49,m.02w2_m6,12.0
Indian_m.02w2_m6/m.02w2_m6_0005.jpg/m.02w2_m6_0005.jpg,m.02w2_m6_0005,m.02w2_m6,enrolled,Indian,56,m.02w2_m6,70.0
Indian_m.02_11j/m.02_11j_0002.jpg/m.02_11j_0002.jpg,m.02_11j_0002,m.02_11j,enrolled,Indian,51,m.02_11j,35.0
Indian_m.02_11j/m.02_11j_0003.jpg/m.02_11j_0003.jpg,m.02_11j_0003,m.02_11j,enrolled,Indian,49,m.02_11j,54.0
Indian_m.02_11j/m.02_11j_0004.jpg/m.02_11j_0004.jpg,m.02_11j_0004,m.02_11j,enrolled,Indian,44,m.02_11j,32.0
Indian_m.03c6hwt/m.03c6hwt_0001.jpg/m.03c6hwt_0001.jpg,m.03c6hwt_0001,m.03c6hwt,enrolled,Indian,59,m.03c6hwt,95.0
Indian_m.03c6hwt/m.03c6hwt_0003.jpg/m.03c6hwt_0003.jpg,m.03c6hwt_0003,m.03c6hwt,enrolled,Indian,60,m.03c6hwt,87.0
Indian_m.03h4g94/m.03h4g94_0002.jpg/m.03h4g94_0002.jpg,m.03h4g94_0002,m.03h4g94,enrolled,Indian,21,m.03h4g94,59.0
Indian_m.03h4g94/m.03h4g94_0003.jpg/m.03h4g94_0003.jpg,m.03h4g94_0003,m.03h4g94,enrolled,Indian,29,m.03h4g94,30.0
Indian_m.03nwyvw/m.03nwyvw_0002.jpg/m.03nwyvw_0002.jpg,m.03nwyvw_0002,m.03nwyvw,enrolled,Indian,46,m.03nwyvw,89.0
Indian_m.03nwyvw/m.03nwyvw_0003.jpg/m.03nwyvw_0003.jpg,m.03nwyvw_0003,m.03nwyvw,enrolled,Indian,50,m.03nwyvw,74.0
Indian_m.03vrnh/m.03vrnh_0003.jpg/m.03vrnh_0003.jpg,m.03vrnh_0003,m.03vrnh,enrolled,Indian,37,m.03vrnh,4.0
Indian_m.03vrnh/m.03vrnh_0004.jpg/m.03vrnh_0004.jpg,m.03vrnh_0004,m.03vrnh,enrolled,Indian,40,m.03vrnh,57.0
Indian_m.03y_np/m.03y_np_0001.jpg/m.03y_np_0001.jpg,m.03y_np_0001,m.03y_np,enrolled,Indian,49,m.03y_np,86.0
Indian_m.03y_np/m.03y_np_0003.jpg/m.03y_np_0003.jpg,m.03y_np_0003,m.03y_np,enrolled,Indian,48,m.03y_np,78.0
Indian_m.043lt8x/m.043lt8x_0003.jpg/m.043lt8x_0003.jpg,m.043lt8x_0003,m.043lt8x,enrolled,Indian,27,m.043lt8x,59.0
Indian_m.043lt8x/m.043lt8x_0006.jpg/m.043lt8x_0006.jpg,m.043lt8x_0006,m.043lt8x,enrolled,Indian,38,m.043lt8x,24.0
Indian_m.049z24/m.049z24_0001.jpg/m.049z24_0001.jpg,m.049z24_0001,m.049z24,enrolled,Indian,44,m.049z24,26.0
Indian_m.049z24/m.049z24_0003.jpg/m.049z24_0003.jpg,m.049z24_0003,m.049z24,enrolled,Indian,48,m.049z24,55.0
Indian_m.04hc88/m.04hc88_0001.jpg/m.04hc88_0001.jpg,m.04hc88_0001,m.04hc88,enrolled,Indian,70,m.04hc88,51.0
Indian_m.04hc88/m.04hc88_0003.jpg/m.04hc88_0003.jpg,m.04hc88_0003,m.04hc88,enrolled,Indian,66,m.04hc88,14.0
Indian_m.04jh99_/m.04jh99__0001.jpg/m.04jh99__0001.jpg,m.04jh99__0001,m.04jh99_,enrolled,Indian,39,m.04jh99_,15.0
Indian_m.04jh99_/m.04jh99__0003.jpg/m.04jh99__0003.jpg,m.04jh99__0003,m.04jh99_,enrolled,Indian,42,m.04jh99_,81.0
Indian_m.0507z9/m.0507z9_0001.jpg/m.0507z9_0001.jpg,m.0507z9_0001,m.0507z9,enrolled,Indian,53,m.0507z9,34.0
Indian_m.0507z9/m.0507z9_0001.jpg/m.0507z9_0001.jpg,m.0507z9_0001,m.0507z9,enrolled,Indian,53,m.0507z9,34.0
Indian_m.0507z9/m.0507z9_0002.jpg/m.0507z9_0002.jpg,m.0507z9_0002,m.0507z9,enrolled,Indian,58,m.0507z9,44.0
Indian_m.0507z9/m.0507z9_0002.jpg/m.0507z9_0002.jpg,m.0507z9_0002,m.0507z9,enrolled,Indian,58,m.0507z9,44.0
Indian_m.0507z9/m.0507z9_0003.jpg/m.0507z9_0003.jpg,m.0507z9_0003,m.0507z9,enrolled,Indian,36,m.0507z9,44.0
Indian_m.0507z9/m.0507z9_0003.jpg/m.0507z9_0003.jpg,m.0507z9_0003,m.0507z9,enrolled,Indian,36,m.0507z9,44.0
Indian_m.0515p2/m.0515p2_0001.jpg/m.0515p2_0001.jpg,m.0515p2_0001,m.0515p2,enrolled,Indian,53,m.0515p2,80.0
Indian_m.0515p2/m.0515p2_0001.jpg/m.0515p2_0001.jpg,m.0515p2_0001,m.0515p2,enrolled,Indian,53,m.0515p2,80.0
Indian_m.0515p2/m.0515p2_0002.jpg/m.0515p2_0002.jpg,m.0515p2_0002,m.0515p2,enrolled,Indian,32,m.0515p2,15.0
Indian_m.0515p2/m.0515p2_0002.jpg/m.0515p2_0002.jpg,m.0515p2_0002,m.0515p2,enrolled,Indian,32,m.0515p2,15.0
Indian_m.0515p2/m.0515p2_0003.jpg/m.0515p2_0003.jpg,m.0515p2_0003,m.0515p2,enrolled,Indian,46,m.0515p2,74.0
Indian_m.0515p2/m.0515p2_0003.jpg/m.0515p2_0003.jpg,m.0515p2_0003,m.0515p2,enrolled,Indian,46,m.0515p2,74.0
Indian_m.0523j0d/m.0523j0d_0002.jpg/m.0523j0d_0002.jpg,m.0523j0d_0002,m.0523j0d,enrolled,Indian,59,m.0523j0d,51.0
Indian_m.0523j0d/m.0523j0d_0002.jpg/m.0523j0d_0002.jpg,m.0523j0d_0002,m.0523j0d,enrolled,Indian,59,m.0523j0d,51.0
Indian_m.0523j0d/m.0523j0d_0003.jpg/m.0523j0d_0003.jpg,m.0523j0d_0003,m.0523j0d,enrolled,Indian,56,m.0523j0d,82.0
Indian_m.0523j0d/m.0523j0d_0003.jpg/m.0523j0d_0003.jpg,m.0523j0d_0003,m.0523j0d,enrolled,Indian,56,m.0523j0d,82.0
Indian_m.056g_3/m.056g_3_0001.jpg/m.056g_3_0001.jpg,m.056g_3_0001,m.056g_3,enrolled,Indian,48,m.056g_3,93.0
Indian_m.056g_3/m.056g_3_0004.jpg/m.056g_3_0004.jpg,m.056g_3_0004,m.056g_3,enrolled,Indian,47,m.056g_3,90.0
Indian_m.0573tj8/m.0573tj8_0001.jpg/m.0573tj8_0001.jpg,m.0573tj8_0001,m.0573tj8,enrolled,Indian,48,m.0573tj8,49.0
Indian_m.0573tj8/m.0573tj8_0001.jpg/m.0573tj8_0001.jpg,m.0573tj8_0001,m.0573tj8,enrolled,Indian,48,m.0573tj8,49.0
Indian_m.0573tj8/m.0573tj8_0002.jpg/m.0573tj8_0002.jpg,m.0573tj8_0002,m.0573tj8,enrolled,Indian,42,m.0573tj8,60.0
Indian_m.0573tj8/m.0573tj8_0002.jpg/m.0573tj8_0002.jpg,m.0573tj8_0002,m.0573tj8,enrolled,Indian,42,m.0573tj8,60.0
Indian_m.05b5fqc/m.05b5fqc_0001.jpg/m.05b5fqc_0001.jpg,m.05b5fqc_0001,m.05b5fqc,enrolled,Indian,42,m.05b5fqc,29.0
Indian_m.05b5fqc/m.05b5fqc_0003.jpg/m.05b5fqc_0003.jpg,m.05b5fqc_0003,m.05b5fqc,enrolled,Indian,42,m.05b5fqc,53.0
Indian_m.05mz553/m.05mz553_0001.jpg/m.05mz553_0001.jpg,m.05mz553_0001,m.05mz553,enrolled,Indian,24,m.05mz553,31.0
Indian_m.05mz553/m.05mz553_0003.jpg/m.05mz553_0003.jpg,m.05mz553_0003,m.05mz553,enrolled,Indian,29,m.05mz553,19.0
Indian_m.05syl08/m.05syl08_0003.jpg/m.05syl08_0003.jpg,m.05syl08_0003,m.05syl08,enrolled,Indian,64,m.05syl08,55.0
Indian_m.05syl08/m.05syl08_0004.jpg/m.05syl08_0004.jpg,m.05syl08_0004,m.05syl08,enrolled,Indian,61,m.05syl08,79.0
Indian_m.05y481w/m.05y481w_0001.jpg/m.05y481w_0001.jpg,m.05y481w_0001,m.05y481w,enrolled,Indian,48,m.05y481w,42.0
Indian_m.05y481w/m.05y481w_0004.jpg/m.05y481w_0004.jpg,m.05y481w_0004,m.05y481w,enrolled,Indian,60,m.05y481w,28.0
Indian_m.05zpwz8/m.05zpwz8_0002.jpg/m.05zpwz8_0002.jpg,m.05zpwz8_0002,m.05zpwz8,enrolled,Indian,26,m.05zpwz8,70.0
Indian_m.05zpwz8/m.05zpwz8_0004.jpg/m.05zpwz8_0004.jpg,m.05zpwz8_0004,m.05zpwz8,enrolled,Indian,30,m.05zpwz8,
Indian_m.05zvn75/m.05zvn75_0001.jpg/m.05zvn75_0001.jpg,m.05zvn75_0001,m.05zvn75,enrolled,Indian,34,m.05zvn75,81.0
Indian_m.05zvn75/m.05zvn75_0004.jpg/m.05zvn75_0004.jpg,m.05zvn75_0004,m.05zvn75,enrolled,Indian,41,m.05zvn75,44.0
Indian_m.064q1pj/m.064q1pj_0001.jpg/m.064q1pj_0001.jpg,m.064q1pj_0001,m.064q1pj,enrolled,Indian,54,m.064q1pj,85.0
Indian_m.064q1pj/m.064q1pj_0002.jpg/m.064q1pj_0002.jpg,m.064q1pj_0002,m.064q1pj,enrolled,Indian,44,m.064q1pj,51.0
Indian_m.064q1pj/m.064q1pj_0003.jpg/m.064q1pj_0003.jpg,m.064q1pj_0003,m.064q1pj,enrolled,Indian,48,m.064q1pj,84.0
Indian_m.06gzx6/m.06gzx6_0003.jpg/m.06gzx6_0003.jpg,m.06gzx6_0003,m.06gzx6,enrolled,Indian,28,m.06gzx6,21.0
Indian_m.06gzx6/m.06gzx6_0004.jpg/m.06gzx6_0004.jpg,m.06gzx6_0004,m.06gzx6,enrolled,Indian,53,m.06gzx6,48.0
Indian_m.06jdb3/m.06jdb3_0001.jpg/m.06jdb3_0001.jpg,m.06jdb3_0001,m.06jdb3,enrolled,Indian,51,m.06jdb3,46.0
Indian_m.06jdb3/m.06jdb3_0002.jpg/m.06jdb3_0002.jpg,m.06jdb3_0002,m.06jdb3,enrolled,Indian,55,m.06jdb3,84.0
Indian_m.06w62z5/m.06w62z5_0001.jpg/m.06w62z5_0001.jpg,m.06w62z5_0001,m.06w62z5,enrolled,Indian,45,m.06w62z5,39.0
Indian_m.06w62z5/m.06w62z5_0004.jpg/m.06w62z5_0004.jpg,m.06w62z5_0004,m.06w62z5,enrolled,Indian,48,m.06w62z5,81.0
Indian_m.06znml3/m.06znml3_0002.jpg/m.06znml3_0002.jpg,m.06znml3_0002,m.06znml3,enrolled,Indian,28,m.06znml3,92.0
Indian_m.06znml3/m.06znml3_0003.jpg/m.06znml3_0003.jpg,m.06znml3_0003,m.06znml3,enrolled,Indian,29,m.06znml3,47.0
Indian_m.06znml3/m.06znml3_0004.jpg/m.06znml3_0004.jpg,m.06znml3_0004,m.06znml3,enrolled,Indian,28,m.06znml3,96.0
Indian_m.076ykl1/m.076ykl1_0001.jpg/m.076ykl1_0001.jpg,m.076ykl1_0001,m.076ykl1,enrolled,Indian,44,m.076ykl1,52.0
Indian_m.076ykl1/m.076ykl1_0004.jpg/m.076ykl1_0004.jpg,m.076ykl1_0004,m.076ykl1,enrolled,Indian,35,m.076ykl1,70.0
Indian_m.07rn0z/m.07rn0z_0001.jpg/m.07rn0z_0001.jpg,m.07rn0z_0001,m.07rn0z,enrolled,Indian,47,m.07rn0z,77.0
Indian_m.07rn0z/m.07rn0z_0002.jpg/m.07rn0z_0002.jpg,m.07rn0z_0002,m.07rn0z,enrolled,Indian,43,m.07rn0z,34.0
Indian_m.07rn0z/m.07rn0z_0003.jpg/m.07rn0z_0003.jpg,m.07rn0z_0003,m.07rn0z,enrolled,Indian,39,m.07rn0z,35.0
Indian_m.086zzh/m.086zzh_0001.jpg/m.086zzh_0001.jpg,m.086zzh_0001,m.086zzh,enrolled,Indian,35,m.086zzh,
Indian_m.086zzh/m.086zzh_0002.jpg/m.086zzh_0002.jpg,m.086zzh_0002,m.086zzh,enrolled,Indian,35,m.086zzh,75.0
Indian_m.089qxv/m.089qxv_0002.jpg/m.089qxv_0002.jpg,m.089qxv_0002,m.089qxv,enrolled,Indian,45,m.089qxv,58.0
Indian_m.089qxv/m.089qxv_0004.jpg/m.089qxv_0004.jpg,m.089qxv_0004,m.089qxv,enrolled,Indian,21,m.089qxv,35.0
Indian_m.08js5f/m.08js5f_0002.jpg/m.08js5f_0002.jpg,m.08js5f_0002,m.08js5f,enrolled,Indian,55,m.08js5f,52.0
Indian_m.08js5f/m.08js5f_0003.jpg/m.08js5f_0003.jpg,m.08js5f_0003,m.08js5f,enrolled,Indian,45,m.08js5f,70.0
Indian_m.08ny5g/m.08ny5g_0001.jpg/m.08ny5g_0001.jpg,m.08ny5g_0001,m.08ny5g,enrolled,Indian,35,m.08ny5g,83.0
Indian_m.08ny5g/m.08ny5g_0004.jpg/m.08ny5g_0004.jpg,m.08ny5g_0004,m.08ny5g,enrolled,Indian,40,m.08ny5g,81.0
Indian_m.08pcth/m.08pcth_0001.jpg/m.08pcth_0001.jpg,m.08pcth_0001,m.08pcth,enrolled,Indian,23,m.08pcth,83.0
Indian_m.08pcth/m.08pcth_0003.jpg/m.08pcth_0003.jpg,m.08pcth_0003,m.08pcth,enrolled,Indian,29,m.08pcth,28.0
Indian_m.09cknn/m.09cknn_0001.jpg/m.09cknn_0001.jpg,m.09cknn_0001,m.09cknn,enrolled,Indian,40,m.09cknn,15.0
Indian_m.09cknn/m.09cknn_0002.jpg/m.09cknn_0002.jpg,m.09cknn_0002,m.09cknn,enrolled,Indian,53,m.09cknn,94.0
Indian_m.09g6j79/m.09g6j79_0001.jpg/m.09g6j79_0001.jpg,m.09g6j79_0001,m.09g6j79,enrolled,Indian,29,m.09g6j79,56.0
Indian_m.09g6j79/m.09g6j79_0003.jpg/m.09g6j79_0003.jpg,m.09g6j79_0003,m.09g6j79,enrolled,Indian,26,m.09g6j79,62.0
Indian_m.09g6nzh/m.09g6nzh_0001.jpg/m.09g6nzh_0001.jpg,m.09g6nzh_0001,m.09g6nzh,enrolled,Indian,34,m.09g6nzh,61.0
Indian_m.09g6nzh/m.09g6nzh_0002.jpg/m.09g6nzh_0002.jpg,m.09g6nzh_0002,m.09g6nzh,enrolled,Indian,29,m.09g6nzh,14.0
Indian_m.09v7wnt/m.09v7wnt_0001.jpg/m.09v7wnt_0001.jpg,m.09v7wnt_0001,m.09v7wnt,enrolled,Indian,25,m.09v7wnt,75.0
Indian_m.09v7wnt/m.09v7wnt_0003.jpg/m.09v7wnt_0003.jpg,m.09v7wnt_0003,m.09v7wnt,enrolled,Indian,32,m.09v7wnt,34.0
Indian_m.09v7wnt/m.09v7wnt_0004.jpg/m.09v7wnt_0004.jpg,m.09v7wnt_0004,m.09v7wnt,enrolled,Indian,35,m.09v7wnt,13.0
Indian_m.0b6m063/m.0b6m063_0001.jpg/m.0b6m063_0001.jpg,m.0b6m063_0001,m.0b6m063,enrolled,Indian,28,m.0b6m063,48.0
Indian_m.0b6m063/m.0b6m063_0003.jpg/m.0b6m063_0003.jpg,m.0b6m063_0003,m.0b6m063,enrolled,Indian,33,m.0b6m063,26.0
Indian_m.0b6m063/m.0b6m063_0004.jpg/m.0b6m063_0004.jpg,m.0b6m063_0004,m.0b6m063,enrolled,Indian,39,m.0b6m063,70.0
Indian_m.0br_0hp/m.0br_0hp_0001.jpg/m.0br_0hp_0001.jpg,m.0br_0hp_0001,m.0br_0hp,enrolled,Indian,25,m.0br_0hp,56.0
Indian_m.0br_0hp/m.0br_0hp_0003.jpg/m.0br_0hp_0003.jpg,m.0br_0hp_0003,m.0br_0hp,enrolled,Indian,34,m.0br_0hp,43.0
Indian_m.0bwc47/m.0bwc47_0002.jpg/m.0bwc47_0002.jpg,m.0bwc47_0002,m.0bwc47,enrolled,Indian,30,m.0bwc47,87.0
Indian_m.0bwc47/m.0bwc47_0003.jpg/m.0bwc47_0003.jpg,m.0bwc47_0003,m.0bwc47,enrolled,Indian,33,m.0bwc47,31.0
Indian_m.0bwcdp/m.0bwcdp_0002.jpg/m.0bwcdp_0002.jpg,m.0bwcdp_0002,m.0bwcdp,enrolled,Indian,45,m.0bwcdp,71.0
Indian_m.0bwcdp/m.0bwcdp_0004.jpg/m.0bwcdp_0004.jpg,m.0bwcdp_0004,m.0bwcdp,enrolled,Indian,48,m.0bwcdp,73.0
Indian_m.0bxzkl/m.0bxzkl_0003.jpg/m.0bxzkl_0003.jpg,m.0bxzkl_0003,m.0bxzkl,enrolled,Indian,47,m.0bxzkl,11.0
Indian_m.0bxzkl/m.0bxzkl_0005.jpg/m.0bxzkl_0005.jpg,m.0bxzkl_0005,m.0bxzkl,enrolled,Indian,49,m.0bxzkl,13.0
Indian_m.0c019qz/m.0c019qz_0001.jpg/m.0c019qz_0001.jpg,m.0c019qz_0001,m.0c019qz,enrolled,Indian,43,m.0c019qz,70.0
Indian_m.0c019qz/m.0c019qz_0003.jpg/m.0c019qz_0003.jpg,m.0c019qz_0003,m.0c019qz,enrolled,Indian,37,m.0c019qz,79.0
Indian_m.0c35mv/m.0c35mv_0001.jpg/m.0c35mv_0001.jpg,m.0c35mv_0001,m.0c35mv,enrolled,Indian,32,m.0c35mv,90.0
Indian_m.0c35mv/m.0c35mv_0003.jpg/m.0c35mv_0003.jpg,m.0c35mv_0003,m.0c35mv,enrolled,Indian,27,m.0c35mv,22.0
Indian_m.0c66kt/m.0c66kt_0001.jpg/m.0c66kt_0001.jpg,m.0c66kt_0001,m.0c66kt,enrolled,Indian,54,m.0c66kt,75.0
Indian_m.0c66kt/m.0c66kt_0003.jpg/m.0c66kt_0003.jpg,m.0c66kt_0003,m.0c66kt,enrolled,Indian,48,m.0c66kt,31.0
Indian_m.0c9st_/m.0c9st__0001.jpg/m.0c9st__0001.jpg,m.0c9st__0001,m.0c9st_,enrolled,Indian,36,m.0c9st_,6.0
Indian_m.0c9st_/m.0c9st__0002.jpg/m.0c9st__0002.jpg,m.0c9st__0002,m.0c9st_,enrolled,Indian,29,m.0c9st_,
Indian_m.0c9st_/m.0c9st__0004.jpg/m.0c9st__0004.jpg,m.0c9st__0004,m.0c9st_,enrolled,Indian,32,m.0c9st_,22.0
Indian_m.0ch5k_g/m.0ch5k_g_0002.jpg/m.0ch5k_g_0002.jpg,m.0ch5k_g_0002,m.0ch5k_g,enrolled,Indian,37,m.0ch5k_g,78.0
Indian_m.0ch5k_g/m.0ch5k_g_0003.jpg/m.0ch5k_g_0003.jpg,m.0ch5k_g_0003,m.0ch5k_g,enrolled,Indian,32,m.0ch5k_g,52.0
Indian_m.0cmbcgn/m.0cmbcgn_0001.jpg/m.0cmbcgn_0001.jpg,m.0cmbcgn_0001,m.0cmbcgn,enrolled,Indian,39,m.0cmbcgn,60.0
Indian_m.0cmbcgn/m.0cmbcgn_0002.jpg/m.0cmbcgn_0002.jpg,m.0cmbcgn_0002,m.0cmbcgn,enrolled,Indian,26,m.0cmbcgn,73.0
Indian_m.0cpx9k/m.0cpx9k_0002.jpg/m.0cpx9k_0002.jpg,m.0cpx9k_0002,m.0cpx9k,enrolled,Indian,38,m.0cpx9k,20.0
Indian_m.0cpx9k/m.0cpx9k_0003.jpg/m.0cpx9k_0003.jpg,m.0cpx9k_0003,m.0cpx9k,enrolled,Indian,47,m.0cpx9k,71.0
Indian_m.0cqyvd/m.0cqyvd_0001.jpg/m.0cqyvd_0001.jpg,m.0cqyvd_0001,m.0cqyvd,enrolled,Indian,57,m.0cqyvd,86.0
Indian_m.0cqyvd/m.0cqyvd_0003.jpg/m.0cqyvd_0003.jpg,m.0cqyvd_0003,m.0cqyvd,enrolled,Indian,40,m.0cqyvd,8.0
Indian_m.0cz9bfj/m.0cz9bfj_0002.jpg/m.0cz9bfj_0002.jpg,m.0cz9bfj_0002,m.0cz9bfj,enrolled,Indian,27,m.0cz9bfj,48.0
Indian_m.0cz9bfj/m.0cz9bfj_0004.jpg/m.0cz9bfj_0004.jpg,m.0cz9bfj_0004,m.0cz9bfj,enrolled,Indian,31,m.0cz9bfj,65.0
Indian_m.0czbv_w/m.0czbv_w_0001.jpg/m.0czbv_w_0001.jpg,m.0czbv_w_0001,m.0czbv_w,enrolled,Indian,44,m.0czbv_w,30.0
Indian_m.0czbv_w/m.0czbv_w_0005.jpg/m.0czbv_w_0005.jpg,m.0czbv_w_0005,m.0czbv_w,enrolled,Indian,42,m.0czbv_w,79.0
Indian_m.0czf842/m.0czf842_0001.jpg/m.0czf842_0001.jpg,m.0czf842_0001,m.0czf842,enrolled,Indian,39,m.0czf842,36.0
Indian_m.0czf842/m.0czf842_0002.jpg/m.0czf842_0002.jpg,m.0czf842_0002,m.0czf842,enrolled,Indian,28,m.0czf842,51.0
Indian_m.0d9sqt/m.0d9sqt_0001.jpg/m.0d9sqt_0001.jpg,m.0d9sqt_0001,m.0d9sqt,enrolled,Indian,63,m.0d9sqt,43.0
Indian_m.0d9sqt/m.0d9sqt_0002.jpg/m.0d9sqt_0002.jpg,m.0d9sqt_0002,m.0d9sqt,enrolled,Indian,76,m.0d9sqt,61.0
Indian_m.0dd9r6w/m.0dd9r6w_0002.jpg/m.0dd9r6w_0002.jpg,m.0dd9r6w_0002,m.0dd9r6w,enrolled,Indian,36,m.0dd9r6w,9.0
Indian_m.0dd9r6w/m.0dd9r6w_0003.jpg/m.0dd9r6w_0003.jpg,m.0dd9r6w_0003,m.0dd9r6w,enrolled,Indian,34,m.0dd9r6w,9.0
Indian_m.0ddcnz4/m.0ddcnz4_0002.jpg/m.0ddcnz4_0002.jpg,m.0ddcnz4_0002,m.0ddcnz4,enrolled,Indian,47,m.0ddcnz4,61.0
Indian_m.0ddcnz4/m.0ddcnz4_0003.jpg/m.0ddcnz4_0003.jpg,m.0ddcnz4_0003,m.0ddcnz4,enrolled,Indian,51,m.0ddcnz4,86.0
Indian_m.0dlmq00/m.0dlmq00_0001.jpg/m.0dlmq00_0001.jpg,m.0dlmq00_0001,m.0dlmq00,enrolled,Indian,35,m.0dlmq00,57.0
Indian_m.0dlmq00/m.0dlmq00_0002.jpg/m.0dlmq00_0002.jpg,m.0dlmq00_0002,m.0dlmq00,enrolled,Indian,42,m.0dlmq00,75.0
Indian_m.0drw8rf/m.0drw8rf_0001.jpg/m.0drw8rf_0001.jpg,m.0drw8rf_0001,m.0drw8rf,enrolled,Indian,40,m.0drw8rf,15.0
Indian_m.0drw8rf/m.0drw8rf_0002.jpg/m.0drw8rf_0002.jpg,m.0drw8rf_0002,m.0drw8rf,enrolled,Indian,41,m.0drw8rf,36.0
Indian_m.0drw8rf/m.0drw8rf_0003.jpg/m.0drw8rf_0003.jpg,m.0drw8rf_0003,m.0drw8rf,enrolled,Indian,35,m.0drw8rf,38.0
Indian_m.0ds6p9k/m.0ds6p9k_0002.jpg/m.0ds6p9k_0002.jpg,m.0ds6p9k_0002,m.0ds6p9k,enrolled,Indian,26,m.0ds6p9k,35.0
Indian_m.0ds6p9k/m.0ds6p9k_0003.jpg/m.0ds6p9k_0003.jpg,m.0ds6p9k_0003,m.0ds6p9k,enrolled,Indian,31,m.0ds6p9k,47.0
Indian_m.0ds9z65/m.0ds9z65_0002.jpg/m.0ds9z65_0002.jpg,m.0ds9z65_0002,m.0ds9z65,enrolled,Indian,45,m.0ds9z65,51.0
Indian_m.0ds9z65/m.0ds9z65_0004.jpg/m.0ds9z65_0004.jpg,m.0ds9z65_0004,m.0ds9z65,enrolled,Indian,41,m.0ds9z65,20.0
Indian_m.0fbt2x/m.0fbt2x_0002.jpg/m.0fbt2x_0002.jpg,m.0fbt2x_0002,m.0fbt2x,enrolled,Indian,39,m.0fbt2x,19.0
Indian_m.0fbt2x/m.0fbt2x_0003.jpg/m.0fbt2x_0003.jpg,m.0fbt2x_0003,m.0fbt2x,enrolled,Indian,40,m.0fbt2x,54.0
Indian_m.0fq1rj3/m.0fq1rj3_0002.jpg/m.0fq1rj3_0002.jpg,m.0fq1rj3_0002,m.0fq1rj3,enrolled,Indian,29,m.0fq1rj3,56.0
Indian_m.0fq1rj3/m.0fq1rj3_0003.jpg/m.0fq1rj3_0003.jpg,m.0fq1rj3_0003,m.0fq1rj3,enrolled,Indian,34,m.0fq1rj3,13.0
Indian_m.0frcdw/m.0frcdw_0001.jpg/m.0frcdw_0001.jpg,m.0frcdw_0001,m.0frcdw,enrolled,Indian,43,m.0frcdw,32.0
Indian_m.0frcdw/m.0frcdw_0002.jpg/m.0frcdw_0002.jpg,m.0frcdw_0002,m.0frcdw,enrolled,Indian,28,m.0frcdw,10.0
Indian_m.0frcdw/m.0frcdw_0003.jpg/m.0frcdw_0003.jpg,m.0frcdw_0003,m.0frcdw,enrolled,Indian,42,m.0frcdw,36.0
Indian_m.0g0tyq/m.0g0tyq_0001.jpg/m.0g0tyq_0001.jpg,m.0g0tyq_0001,m.0g0tyq,enrolled,Indian,44,m.0g0tyq,82.0
Indian_m.0g0tyq/m.0g0tyq_0002.jpg/m.0g0tyq_0002.jpg,m.0g0tyq_0002,m.0g0tyq,enrolled,Indian,28,m.0g0tyq,69.0
Indian_m.0g590bk/m.0g590bk_0002.jpg/m.0g590bk_0002.jpg,m.0g590bk_0002,m.0g590bk,enrolled,Indian,26,m.0g590bk,18.0
Indian_m.0g590bk/m.0g590bk_0005.jpg/m.0g590bk_0005.jpg,m.0g590bk_0005,m.0g590bk,enrolled,Indian,24,m.0g590bk,30.0
Indian_m.0gbz8tl/m.0gbz8tl_0002.jpg/m.0gbz8tl_0002.jpg,m.0gbz8tl_0002,m.0gbz8tl,enrolled,Indian,33,m.0gbz8tl,40.0
Indian_m.0gbz8tl/m.0gbz8tl_0003.jpg/m.0gbz8tl_0003.jpg,m.0gbz8tl_0003,m.0gbz8tl,enrolled,Indian,35,m.0gbz8tl,7.0
Indian_m.0gc0g81/m.0gc0g81_0001.jpg/m.0gc0g81_0001.jpg,m.0gc0g81_0001,m.0gc0g81,enrolled,Indian,33,m.0gc0g81,59.0
Indian_m.0gc0g81/m.0gc0g81_0003.jpg/m.0gc0g81_0003.jpg,m.0gc0g81_0003,m.0gc0g81,enrolled,Indian,41,m.0gc0g81,36.0
Indian_m.0gc3_jf/m.0gc3_jf_0001.jpg/m.0gc3_jf_0001.jpg,m.0gc3_jf_0001,m.0gc3_jf,enrolled,Indian,33,m.0gc3_jf,48.0
Indian_m.0gc3_jf/m.0gc3_jf_0003.jpg/m.0gc3_jf_0003.jpg,m.0gc3_jf_0003,m.0gc3_jf,enrolled,Indian,34,m.0gc3_jf,74.0
Indian_m.0gc5k13/m.0gc5k13_0002.jpg/m.0gc5k13_0002.jpg,m.0gc5k13_0002,m.0gc5k13,enrolled,Indian,45,m.0gc5k13,78.0
Indian_m.0gc5k13/m.0gc5k13_0003.jpg/m.0gc5k13_0003.jpg,m.0gc5k13_0003,m.0gc5k13,enrolled,Indian,42,m.0gc5k13,87.0
Indian_m.0gcv8t/m.0gcv8t_0001.jpg/m.0gcv8t_0001.jpg,m.0gcv8t_0001,m.0gcv8t,enrolled,Indian,28,m.0gcv8t,64.0
Indian_m.0gcv8t/m.0gcv8t_0003.jpg/m.0gcv8t_0003.jpg,m.0gcv8t_0003,m.0gcv8t,enrolled,Indian,26,m.0gcv8t,56.0
Indian_m.0gp8df/m.0gp8df_0002.jpg/m.0gp8df_0002.jpg,m.0gp8df_0002,m.0gp8df,enrolled,Indian,49,m.0gp8df,15.0
Indian_m.0gp8df/m.0gp8df_0004.jpg/m.0gp8df_0004.jpg,m.0gp8df_0004,m.0gp8df,enrolled,Indian,51,m.0gp8df,14.0
Indian_m.0gyvg5/m.0gyvg5_0001.jpg/m.0gyvg5_0001.jpg,m.0gyvg5_0001,m.0gyvg5,enrolled,Indian,57,m.0gyvg5,64.0
Indian_m.0gyvg5/m.0gyvg5_0003.jpg/m.0gyvg5_0003.jpg,m.0gyvg5_0003,m.0gyvg5,enrolled,Indian,59,m.0gyvg5,38.0
Indian_m.0h3vyzy/m.0h3vyzy_0001.jpg/m.0h3vyzy_0001.jpg,m.0h3vyzy_0001,m.0h3vyzy,enrolled,Indian,27,m.0h3vyzy,81.0
Indian_m.0h3vyzy/m.0h3vyzy_0003.jpg/m.0h3vyzy_0003.jpg,m.0h3vyzy_0003,m.0h3vyzy,enrolled,Indian,28,m.0h3vyzy,20.0
Indian_m.0h54y4z/m.0h54y4z_0001.jpg/m.0h54y4z_0001.jpg,m.0h54y4z_0001,m.0h54y4z,enrolled,Indian,44,m.0h54y4z,77.0
Indian_m.0h54y4z/m.0h54y4z_0002.jpg/m.0h54y4z_0002.jpg,m.0h54y4z_0002,m.0h54y4z,enrolled,Indian,54,m.0h54y4z,87.0
Indian_m.0h7qzf6/m.0h7qzf6_0001.jpg/m.0h7qzf6_0001.jpg,m.0h7qzf6_0001,m.0h7qzf6,enrolled,Indian,28,m.0h7qzf6,84.0
Indian_m.0h7qzf6/m.0h7qzf6_0002.jpg/m.0h7qzf6_0002.jpg,m.0h7qzf6_0002,m.0h7qzf6,enrolled,Indian,32,m.0h7qzf6,21.0
Indian_m.0hgqsb_/m.0hgqsb__0002.jpg/m.0hgqsb__0002.jpg,m.0hgqsb__0002,m.0hgqsb_,enrolled,Indian,47,m.0hgqsb_,34.0
Indian_m.0hgqsb_/m.0hgqsb__0003.jpg/m.0hgqsb__0003.jpg,m.0hgqsb__0003,m.0hgqsb_,enrolled,Indian,47,m.0hgqsb_,77.0
Indian_m.0h_c_qx/m.0h_c_qx_0002.jpg/m.0h_c_qx_0002.jpg,m.0h_c_qx_0002,m.0h_c_qx,enrolled,Indian,28,m.0h_c_qx,75.0
Indian_m.0h_c_qx/m.0h_c_qx_0003.jpg/m.0h_c_qx_0003.jpg,m.0h_c_qx_0003,m.0h_c_qx,enrolled,Indian,33,m.0h_c_qx,79.0
Indian_m.0j43qzd/m.0j43qzd_0002.jpg/m.0j43qzd_0002.jpg,m.0j43qzd_0002,m.0j43qzd,enrolled,Indian,28,m.0j43qzd,43.0
Indian_m.0j43qzd/m.0j43qzd_0003.jpg/m.0j43qzd_0003.jpg,m.0j43qzd_0003,m.0j43qzd,enrolled,Indian,28,m.0j43qzd,6.0
Indian_m.0j4cxr2/m.0j4cxr2_0003.jpg/m.0j4cxr2_0003.jpg,m.0j4cxr2_0003,m.0j4cxr2,enrolled,Indian,20,m.0j4cxr2,15.0
Indian_m.0j4cxr2/m.0j4cxr2_0004.jpg/m.0j4cxr2_0004.jpg,m.0j4cxr2_0004,m.0j4cxr2,enrolled,Indian,27,m.0j4cxr2,63.0
Indian_m.0j7lzw5/m.0j7lzw5_0001.jpg/m.0j7lzw5_0001.jpg,m.0j7lzw5_0001,m.0j7lzw5,enrolled,Indian,27,m.0j7lzw5,27.0
Indian_m.0j7lzw5/m.0j7lzw5_0002.jpg/m.0j7lzw5_0002.jpg,m.0j7lzw5_0002,m.0j7lzw5,enrolled,Indian,25,m.0j7lzw5,8.0
Indian_m.0jszt9/m.0jszt9_0001.jpg/m.0jszt9_0001.jpg,m.0jszt9_0001,m.0jszt9,enrolled,Indian,27,m.0jszt9,73.0
Indian_m.0jszt9/m.0jszt9_0006.jpg/m.0jszt9_0006.jpg,m.0jszt9_0006,m.0jszt9,enrolled,Indian,42,m.0jszt9,90.0
Indian_m.0j_36qg/m.0j_36qg_0002.jpg/m.0j_36qg_0002.jpg,m.0j_36qg_0002,m.0j_36qg,enrolled,Indian,25,m.0j_36qg,8.0
Indian_m.0j_36qg/m.0j_36qg_0004.jpg/m.0j_36qg_0004.jpg,m.0j_36qg_0004,m.0j_36qg,enrolled,Indian,35,m.0j_36qg,78.0
Indian_m.0k3bcq/m.0k3bcq_0002.jpg/m.0k3bcq_0002.jpg,m.0k3bcq_0002,m.0k3bcq,enrolled,Indian,36,m.0k3bcq,20.0
Indian_m.0k3bcq/m.0k3bcq_0003.jpg/m.0k3bcq_0003.jpg,m.0k3bcq_0003,m.0k3bcq,enrolled,Indian,24,m.0k3bcq,7.0
Indian_m.0n52p_l/m.0n52p_l_0003.jpg/m.0n52p_l_0003.jpg,m.0n52p_l_0003,m.0n52p_l,enrolled,Indian,41,m.0n52p_l,22.0
Indian_m.0n52p_l/m.0n52p_l_0004.jpg/m.0n52p_l_0004.jpg,m.0n52p_l_0004,m.0n52p_l,enrolled,Indian,25,m.0n52p_l,44.0
Indian_m.0n9mlyj/m.0n9mlyj_0003.jpg/m.0n9mlyj_0003.jpg,m.0n9mlyj_0003,m.0n9mlyj,enrolled,Indian,31,m.0n9mlyj,13.0
Indian_m.0n9mlyj/m.0n9mlyj_0004.jpg/m.0n9mlyj_0004.jpg,m.0n9mlyj_0004,m.0n9mlyj,enrolled,Indian,31,m.0n9mlyj,17.0
Indian_m.0nhj8xl/m.0nhj8xl_0003.jpg/m.0nhj8xl_0003.jpg,m.0nhj8xl_0003,m.0nhj8xl,enrolled,Indian,29,m.0nhj8xl,24.0
Indian_m.0nhj8xl/m.0nhj8xl_0004.jpg/m.0nhj8xl_0004.jpg,m.0nhj8xl_0004,m.0nhj8xl,enrolled,Indian,25,m.0nhj8xl,17.0
Indian_m.0q2y9_v/m.0q2y9_v_0002.jpg/m.0q2y9_v_0002.jpg,m.0q2y9_v_0002,m.0q2y9_v,enrolled,Indian,25,m.0q2y9_v,44.0
Indian_m.0q2y9_v/m.0q2y9_v_0003.jpg/m.0q2y9_v_0003.jpg,m.0q2y9_v_0003,m.0q2y9_v,enrolled,Indian,30,m.0q2y9_v,4.0
Indian_m.0tj9/m.0tj9_0002.jpg/m.0tj9_0002.jpg,m.0tj9_0002,m.0tj9,enrolled,Indian,38,m.0tj9,24.0
Indian_m.0tj9/m.0tj9_0005.jpg/m.0tj9_0005.jpg,m.0tj9_0005,m.0tj9,enrolled,Indian,48,m.0tj9,71.0
