files_list,image_name,enrolled,identity_name,ethnicity,Age,Identity,UnifiedQualityScore.scalar
African_110/African_110_0.png,African_110_0,non_enrolled,African_110,African, 14,African_110,29.0
African_111/African_111_0.png,African_111_0,non_enrolled,African_111,African, 21,African_111,
African_122/African_122_0.png,African_122_0,non_enrolled,African_122,African, 7,African_122,
African_123/African_123_0.png,African_123_0,non_enrolled,African_123,African, 4,African_123,23.0
African_124/African_124_0.png,African_124_0,non_enrolled,African_124,African, 7,African_124,8.0
African_143/African_143_0.png,African_143_0,non_enrolled,African_143,African, 7,African_143,
African_183/African_183_0.png,African_183_0,non_enrolled,African_183,African, 4,African_183,
African_203/African_203_0.png,African_203_0,non_enrolled,African_203,African, 16,African_203,21.0
African_230/African_230_0.png,African_230_0,non_enrolled,African_230,African, 7,African_230,
African_231/African_231_0.png,African_231_0,non_enrolled,African_231,African, 5,African_231,
African_245/African_245_0.png,African_245_0,non_enrolled,African_245,African, 4,African_245,
African_246/African_246_0.png,African_246_0,non_enrolled,African_246,African, 6,African_246,14.0
African_247/African_247_0.png,African_247_0,non_enrolled,African_247,African, 6,African_247,
African_248/African_248_0.png,African_248_0,non_enrolled,African_248,African, 11,African_248,5.0
African_252/African_252_0.png,African_252_0,non_enrolled,African_252,African, 11,African_252,2.0
African_255/African_255_0.png,African_255_0,non_enrolled,African_255,African, 16,African_255,17.0
African_262/African_262_0.png,African_262_0,non_enrolled,African_262,African, 7,African_262,
African_272/African_272_10.png,African_272_10,non_enrolled,African_272,African, 10,African_272,
African_278/African_278_0.png,African_278_0,non_enrolled,African_278,African, 0,African_278,21.0
African_287/African_287_0.png,African_287_0,non_enrolled,African_287,African, 13,African_287,13.0
African_299/African_299_0.png,African_299_0,non_enrolled,African_299,African, 29,African_299,
African_305/African_305_0.png,African_305_0,non_enrolled,African_305,African, 3,African_305,27.0
African_306/African_306_0.png,African_306_0,non_enrolled,African_306,African, 13,African_306,35.0
African_329/African_329_2.png,African_329_2,non_enrolled,African_329,African, 4,African_329,49.0
African_334/African_334_0.png,African_334_0,non_enrolled,African_334,African, 6,African_334,
African_342/African_342_0.png,African_342_0,non_enrolled,African_342,African, 28,African_342,
African_352/African_352_4.png,African_352_4,non_enrolled,African_352,African, 14,African_352,34.0
African_361/African_361_2.png,African_361_2,non_enrolled,African_361,African, 1,African_361,
African_368/African_368_0.png,African_368_0,non_enrolled,African_368,African, 6,African_368,
African_381/African_381_0.png,African_381_0,non_enrolled,African_381,African, 7,African_381,
African_388/African_388_0.png,African_388_0,non_enrolled,African_388,African,,,
African_392/African_392_3.png,African_392_3,non_enrolled,African_392,African, 19,African_392,
African_4/African_4_0.png,African_4_0,non_enrolled,African_4,African, 8,African_4,
African_408/African_408_0.png,African_408_0,non_enrolled,African_408,African, 11,African_408,59.0
African_410/African_410_2.png,African_410_2,non_enrolled,African_410,African,,,
African_414/African_414_2.png,African_414_2,non_enrolled,African_414,African, 8,African_414,
African_418/African_418_0.png,African_418_0,non_enrolled,African_418,African, 9,African_418,
African_42/African_42_0.png,African_42_0,non_enrolled,African_42,African, 4,African_42,
African_420/African_420_0.png,African_420_0,non_enrolled,African_420,African, 16,African_420,50.0
African_43/African_43_0.png,African_43_0,non_enrolled,African_43,African, 12,African_43,
African_431/African_431_0.png,African_431_0,non_enrolled,African_431,African, 4,African_431,
African_439/African_439_0.png,African_439_0,non_enrolled,African_439,African, 19,African_439,
African_446/African_446_0.png,African_446_0,non_enrolled,African_446,African, 12,African_446,49.0
African_450/African_450_0.png,African_450_0,non_enrolled,African_450,African, 4,African_450,
African_464/African_464_0.png,African_464_0,non_enrolled,African_464,African, 6,African_464,
African_47/African_47_1.png,African_47_1,non_enrolled,African_47,African, 16,African_47,61.0
African_48/African_48_0.png,African_48_0,non_enrolled,African_48,African, 12,African_48,
African_490/African_490_0.png,African_490_0,non_enrolled,African_490,African, 6,African_490,
African_505/African_505_12.png,African_505_12,non_enrolled,African_505,African,,,
African_516/African_516_0.png,African_516_0,non_enrolled,African_516,African, 8,African_516,
African_522/African_522_0.png,African_522_0,non_enrolled,African_522,African, 24,African_522,
African_528/African_528_0.png,African_528_0,non_enrolled,African_528,African, 24,African_528,
African_530/African_530_3.png,African_530_3,non_enrolled,African_530,African, 10,African_530,
African_54/African_54_0.png,African_54_0,non_enrolled,African_54,African, 16,African_54,57.0
African_55/African_55_0.png,African_55_0,non_enrolled,African_55,African, 22,African_55,
African_56/African_56_0.png,African_56_0,non_enrolled,African_56,African, 2,African_56,18.0
African_560/African_560_0.png,African_560_0,non_enrolled,African_560,African, 18,African_560,57.0
African_561/African_561_0.png,African_561_0,non_enrolled,African_561,African, 28,African_561,
African_562/African_562_0.png,African_562_0,non_enrolled,African_562,African, 18,African_562,
African_563/African_563_0.png,African_563_0,non_enrolled,African_563,African, 27,African_563,
African_564/African_564_0.png,African_564_0,non_enrolled,African_564,African,,,
African_565/African_565_0.png,African_565_0,non_enrolled,African_565,African, 14,African_565,53.0
African_566/African_566_0.png,African_566_0,non_enrolled,African_566,African, 13,African_566,15.0
African_567/African_567_0.png,African_567_0,non_enrolled,African_567,African, 23,African_567,
African_568/African_568_0.png,African_568_0,non_enrolled,African_568,African, 18,African_568,51.0
African_574/African_574_8.png,African_574_8,non_enrolled,African_574,African, 4,African_574,
African_58/African_58_0.png,African_58_0,non_enrolled,African_58,African, 11,African_58,
African_589/African_589_0.png,African_589_0,non_enrolled,African_589,African, 23,African_589,
African_59/African_59_0.png,African_59_0,non_enrolled,African_59,African, 6,African_59,
African_592/African_592_0.png,African_592_0,non_enrolled,African_592,African, 4,African_592,
African_593/African_593_4.png,African_593_4,non_enrolled,African_593,African, 13,African_593,39.0
African_594/African_594_0.png,African_594_0,non_enrolled,African_594,African, 19,African_594,
African_595/African_595_0.png,African_595_0,non_enrolled,African_595,African, 20,African_595,
African_596/African_596_0.png,African_596_0,non_enrolled,African_596,African, 10,African_596,
African_597/African_597_0.png,African_597_0,non_enrolled,African_597,African, 8,African_597,62.0
African_600/African_600_6.png,African_600_6,non_enrolled,African_600,African, 7,African_600,27.0
African_602/African_602_0.png,African_602_0,non_enrolled,African_602,African, 14,African_602,31.0
African_603/African_603_0.png,African_603_0,non_enrolled,African_603,African, 20,African_603,
African_605/African_605_2.png,African_605_2,non_enrolled,African_605,African, 23,African_605,
African_608/African_608_2.png,African_608_2,non_enrolled,African_608,African, 25,African_608,
African_61/African_61_0.png,African_61_0,non_enrolled,African_61,African, 6,African_61,
African_617/African_617_8.png,African_617_8,non_enrolled,African_617,African, 4,African_617,19.0
African_619/African_619_0.png,African_619_0,non_enrolled,African_619,African, 2,African_619,13.0
African_620/African_620_0.png,African_620_0,non_enrolled,African_620,African, 6,African_620,35.0
African_621/African_621_0.png,African_621_0,non_enrolled,African_621,African, 13,African_621,28.0
African_622/African_622_0.png,African_622_0,non_enrolled,African_622,African, 10,African_622,
African_626/African_626_0.png,African_626_0,non_enrolled,African_626,African, 8,African_626,49.0
African_64/African_64_0.png,African_64_0,non_enrolled,African_64,African, 6,African_64,26.0
African_640/African_640_0.png,African_640_0,non_enrolled,African_640,African, 9,African_640,70.0
African_672/African_672_0.png,African_672_0,non_enrolled,African_672,African, 7,African_672,
African_673/African_673_0.png,African_673_0,non_enrolled,African_673,African, 4,African_673,
African_676/African_676_0.png,African_676_0,non_enrolled,African_676,African, 21,African_676,
African_677/African_677_1.png,African_677_1,non_enrolled,African_677,African, 5,African_677,39.0
African_683/African_683_1.png,African_683_1,non_enrolled,African_683,African, 6,African_683,
African_687/African_687_0.png,African_687_0,non_enrolled,African_687,African, 10,African_687,67.0
African_694/African_694_0.png,African_694_0,non_enrolled,African_694,African, 4,African_694,
African_697/African_697_1.png,African_697_1,non_enrolled,African_697,African, 7,African_697,65.0
African_7/African_7_6.png,African_7_6,non_enrolled,African_7,African, 7,African_7,
African_702/African_702_0.png,African_702_0,non_enrolled,African_702,African, 8,African_702,14.0
African_703/African_703_0.png,African_703_0,non_enrolled,African_703,African, 2,African_703,18.0
African_704/African_704_0.png,African_704_0,non_enrolled,African_704,African, 5,African_704,
African_706/African_706_0.png,African_706_0,non_enrolled,African_706,African, 11,African_706,
African_709/African_709_0.png,African_709_0,non_enrolled,African_709,African, 14,African_709,52.0
African_715/African_715_0.png,African_715_0,non_enrolled,African_715,African, 6,African_715,27.0
African_716/African_716_1.png,African_716_1,non_enrolled,African_716,African, 14,African_716,25.0
African_722/African_722_3.png,African_722_3,non_enrolled,African_722,African, 24,African_722,
African_728/African_728_0.png,African_728_0,non_enrolled,African_728,African, 16,African_728,27.0
African_730/African_730_1.png,African_730_1,non_enrolled,African_730,African, 2,African_730,
African_734/African_734_0.png,African_734_0,non_enrolled,African_734,African, 10,African_734,37.0
African_735/African_735_0.png,African_735_0,non_enrolled,African_735,African, 8,African_735,53.0
African_739/African_739_11.png,African_739_11,non_enrolled,African_739,African, 9,African_739,21.0
African_754/African_754_1.png,African_754_1,non_enrolled,African_754,African, 11,African_754,18.0
African_755/African_755_1.png,African_755_1,non_enrolled,African_755,African, 4,African_755,
African_761/African_761_3.png,African_761_3,non_enrolled,African_761,African, 19,African_761,
African_764/African_764_0.png,African_764_0,non_enrolled,African_764,African, 11,African_764,
African_765/African_765_0.png,African_765_0,non_enrolled,African_765,African, 11,African_765,21.0
African_766/African_766_0.png,African_766_0,non_enrolled,African_766,African, 12,African_766,
African_77/African_77_7.png,African_77_7,non_enrolled,African_77,African, 26,African_77,
African_773/African_773_0.png,African_773_0,non_enrolled,African_773,African, 14,African_773,28.0
African_775/African_775_1.png,African_775_1,non_enrolled,African_775,African, 19,African_775,
African_78/African_78_6.png,African_78_6,non_enrolled,African_78,African, 31,African_78,
African_782/African_782_2.png,African_782_2,non_enrolled,African_782,African, 8,African_782,40.0
African_787/African_787_1.png,African_787_1,non_enrolled,African_787,African, 12,African_787,
African_788/African_788_11.png,African_788_11,non_enrolled,African_788,African, 5,African_788,46.0
African_789/African_789_1.png,African_789_1,non_enrolled,African_789,African, 7,African_789,46.0
African_79/African_79_0.png,African_79_0,non_enrolled,African_79,African, 23,African_79,
African_790/African_790_1.png,African_790_1,non_enrolled,African_790,African, 7,African_790,
African_792/African_792_0.png,African_792_0,non_enrolled,African_792,African, 6,African_792,
African_794/African_794_1.png,African_794_1,non_enrolled,African_794,African, 5,African_794,27.0
African_795/African_795_0.png,African_795_0,non_enrolled,African_795,African, 19,African_795,
African_796/African_796_0.png,African_796_0,non_enrolled,African_796,African, 18,African_796,47.0
African_797/African_797_0.png,African_797_0,non_enrolled,African_797,African, 4,African_797,33.0
African_798/African_798_0.png,African_798_0,non_enrolled,African_798,African, 7,African_798,
African_799/African_799_0.png,African_799_0,non_enrolled,African_799,African, 22,African_799,
African_8/African_8_8.png,African_8_8,non_enrolled,African_8,African, 2,African_8,24.0
African_800/African_800_0.png,African_800_0,non_enrolled,African_800,African, 2,African_800,
African_801/African_801_9.png,African_801_9,non_enrolled,African_801,African, 10,African_801,
African_803/African_803_1.png,African_803_1,non_enrolled,African_803,African, 20,African_803,
African_804/African_804_1.png,African_804_1,non_enrolled,African_804,African, 5,African_804,
African_806/African_806_1.png,African_806_1,non_enrolled,African_806,African, 16,African_806,35.0
African_807/African_807_2.png,African_807_2,non_enrolled,African_807,African, 1,African_807,
African_808/African_808_2.png,African_808_2,non_enrolled,African_808,African, 7,African_808,
African_81/African_81_1.png,African_81_1,non_enrolled,African_81,African, 27,African_81,
African_815/African_815_18.png,African_815_18,non_enrolled,African_815,African, 14,African_815,50.0
African_816/African_816_2.png,African_816_2,non_enrolled,African_816,African, 4,African_816,
African_820/African_820_10.png,African_820_10,non_enrolled,African_820,African, 14,African_820,22.0
African_821/African_821_1.png,African_821_1,non_enrolled,African_821,African, 1,African_821,
African_826/African_826_12.png,African_826_12,non_enrolled,African_826,African, 7,African_826,
African_827/African_827_0.png,African_827_0,non_enrolled,African_827,African, 8,African_827,
African_833/African_833_8.png,African_833_8,non_enrolled,African_833,African,,,
African_834/African_834_10.png,African_834_10,non_enrolled,African_834,African, 9,African_834,
African_84/African_84_0.png,African_84_0,non_enrolled,African_84,African, 7,African_84,
African_85/African_85_1.png,African_85_1,non_enrolled,African_85,African, 4,African_85,
African_86/African_86_1.png,African_86_1,non_enrolled,African_86,African, 6,African_86,
African_88/African_88_1.png,African_88_1,non_enrolled,African_88,African, 9,African_88,
African_9/African_9_2.png,African_9_2,non_enrolled,African_9,African, 8,African_9,
African_93/African_93_2.png,African_93_2,non_enrolled,African_93,African, 5,African_93,
African_98/African_98_1.png,African_98_1,non_enrolled,African_98,African, 9,African_98,
African_99/African_99_2.png,African_99_2,non_enrolled,African_99,African, 15,African_99,72.0
Asian_145/Asian_145_0.png,Asian_145_0,non_enrolled,Asian_145,Asian, 14,Asian_145,7.0
Asian_210/Asian_210_0.png,Asian_210_0,non_enrolled,Asian_210,Asian, 4,Asian_210,
Asian_321/Asian_321_84.png,Asian_321_84,non_enrolled,Asian_321,Asian, 35,Asian_321,
Asian_333/Asian_333_61.png,Asian_333_61,non_enrolled,Asian_333,Asian, 22,Asian_333,
Asian_355/Asian_355_2.png,Asian_355_2,non_enrolled,Asian_355,Asian, 6,Asian_355,
Asian_356/Asian_356_1.png,Asian_356_1,non_enrolled,Asian_356,Asian, 6,Asian_356,14.0
Asian_369/Asian_369_0.png,Asian_369_0,non_enrolled,Asian_369,Asian, 6,Asian_369,
Asian_387/Asian_387_76.png,Asian_387_76,non_enrolled,Asian_387,Asian, 4,Asian_387,
Asian_571/Asian_571_20.png,Asian_571_20,non_enrolled,Asian_571,Asian, 1,Asian_571,
Asian_599/Asian_599_2.png,Asian_599_2,non_enrolled,Asian_599,Asian, 35,Asian_599,
Asian_608/Asian_608_1.png,Asian_608_1,non_enrolled,Asian_608,Asian, 4,Asian_608,
Asian_645/Asian_645_8.png,Asian_645_8,non_enrolled,Asian_645,Asian, 31,Asian_645,
Asian_65/Asian_65_4.png,Asian_65_4,non_enrolled,Asian_65,Asian, 18,Asian_65,
Asian_652/Asian_652_2.png,Asian_652_2,non_enrolled,Asian_652,Asian, 9,Asian_652,27.0
Asian_669/Asian_669_1.png,Asian_669_1,non_enrolled,Asian_669,Asian, 8,Asian_669,
Asian_672/Asian_672_24.png,Asian_672_24,non_enrolled,Asian_672,Asian, 11,Asian_672,45.0
Asian_674/Asian_674_4.png,Asian_674_4,non_enrolled,Asian_674,Asian, 4,Asian_674,
Asian_675/Asian_675_28.png,Asian_675_28,non_enrolled,Asian_675,Asian, 30,Asian_675,
Asian_678/Asian_678_0.png,Asian_678_0,non_enrolled,Asian_678,Asian, 1,Asian_678,
Asian_679/Asian_679_13.png,Asian_679_13,non_enrolled,Asian_679,Asian, 6,Asian_679,
Asian_68/Asian_68_2.png,Asian_68_2,non_enrolled,Asian_68,Asian,,,
Asian_681/Asian_681_4.png,Asian_681_4,non_enrolled,Asian_681,Asian, 0,Asian_681,
Asian_682/Asian_682_21.png,Asian_682_21,non_enrolled,Asian_682,Asian, 30,Asian_682,
Asian_691/Asian_691_8.png,Asian_691_8,non_enrolled,Asian_691,Asian, 11,Asian_691,
Asian_692/Asian_692_20.png,Asian_692_20,non_enrolled,Asian_692,Asian, 7,Asian_692,
Asian_693/Asian_693_0.png,Asian_693_0,non_enrolled,Asian_693,Asian, 1,Asian_693,
Asian_695/Asian_695_3.png,Asian_695_3,non_enrolled,Asian_695,Asian, 3,Asian_695,
Asian_698/Asian_698_57.png,Asian_698_57,non_enrolled,Asian_698,Asian, 10,Asian_698,
Asian_708/Asian_708_11.png,Asian_708_11,non_enrolled,Asian_708,Asian, 19,Asian_708,
Asian_709/Asian_709_1.png,Asian_709_1,non_enrolled,Asian_709,Asian,,,
Asian_713/Asian_713_48.png,Asian_713_48,non_enrolled,Asian_713,Asian, 8,Asian_713,
Asian_725/Asian_725_13.png,Asian_725_13,non_enrolled,Asian_725,Asian, 20,Asian_725,
Asian_730/Asian_730_3.png,Asian_730_3,non_enrolled,Asian_730,Asian, 1,Asian_730,
Asian_731/Asian_731_8.png,Asian_731_8,non_enrolled,Asian_731,Asian, 21,Asian_731,
Asian_734/Asian_734_0.png,Asian_734_0,non_enrolled,Asian_734,Asian, 13,Asian_734,36.0
Asian_737/Asian_737_17.png,Asian_737_17,non_enrolled,Asian_737,Asian, 24,Asian_737,
Asian_740/Asian_740_1.png,Asian_740_1,non_enrolled,Asian_740,Asian, 21,Asian_740,
Asian_744/Asian_744_2.png,Asian_744_2,non_enrolled,Asian_744,Asian, 3,Asian_744,
Asian_76/Asian_76_14.png,Asian_76_14,non_enrolled,Asian_76,Asian, 5,Asian_76,11.0
Asian_77/Asian_77_4.png,Asian_77_4,non_enrolled,Asian_77,Asian, 8,Asian_77,
Asian_80/Asian_80_7.png,Asian_80_7,non_enrolled,Asian_80,Asian, 12,Asian_80,
Asian_91/Asian_91_1.png,Asian_91_1,non_enrolled,Asian_91,Asian, 9,Asian_91,
Asian_95/Asian_95_1.png,Asian_95_1,non_enrolled,Asian_95,Asian, 14,Asian_95,34.0
Caucasian_1031/Caucasian_1031_5.png,Caucasian_1031_5,non_enrolled,Caucasian_1031,Caucasian, 2,Caucasian_1031,
Caucasian_1041/Caucasian_1041_15.png,Caucasian_1041_15,non_enrolled,Caucasian_1041,Caucasian,,,
Caucasian_1067/Caucasian_1067_2.png,Caucasian_1067_2,non_enrolled,Caucasian_1067,Caucasian, 0,Caucasian_1067,
Caucasian_1072/Caucasian_1072_44.png,Caucasian_1072_44,non_enrolled,Caucasian_1072,Caucasian, 1,Caucasian_1072,
Caucasian_1088/Caucasian_1088_1.png,Caucasian_1088_1,non_enrolled,Caucasian_1088,Caucasian,,,
Caucasian_1095/Caucasian_1095_0.png,Caucasian_1095_0,non_enrolled,Caucasian_1095,Caucasian, 1,Caucasian_1095,
Caucasian_1117/Caucasian_1117_27.png,Caucasian_1117_27,non_enrolled,Caucasian_1117,Caucasian, 10,Caucasian_1117,
Caucasian_1122/Caucasian_1122_15.png,Caucasian_1122_15,non_enrolled,Caucasian_1122,Caucasian, 0,Caucasian_1122,
Caucasian_1141/Caucasian_1141_2.png,Caucasian_1141_2,non_enrolled,Caucasian_1141,Caucasian, 1,Caucasian_1141,6.0
Caucasian_1144/Caucasian_1144_4.png,Caucasian_1144_4,non_enrolled,Caucasian_1144,Caucasian, 3,Caucasian_1144,
Caucasian_1145/Caucasian_1145_7.png,Caucasian_1145_7,non_enrolled,Caucasian_1145,Caucasian, 8,Caucasian_1145,
Caucasian_1156/Caucasian_1156_2.png,Caucasian_1156_2,non_enrolled,Caucasian_1156,Caucasian,,,
Caucasian_1160/Caucasian_1160_39.png,Caucasian_1160_39,non_enrolled,Caucasian_1160,Caucasian, 3,Caucasian_1160,
Caucasian_1162/Caucasian_1162_2.png,Caucasian_1162_2,non_enrolled,Caucasian_1162,Caucasian,,,
Caucasian_1163/Caucasian_1163_1.png,Caucasian_1163_1,non_enrolled,Caucasian_1163,Caucasian, 1,Caucasian_1163,15.0
Caucasian_1175/Caucasian_1175_0.png,Caucasian_1175_0,non_enrolled,Caucasian_1175,Caucasian,,,
Caucasian_1177/Caucasian_1177_1.png,Caucasian_1177_1,non_enrolled,Caucasian_1177,Caucasian, 3,Caucasian_1177,
Caucasian_1184/Caucasian_1184_2.png,Caucasian_1184_2,non_enrolled,Caucasian_1184,Caucasian, 2,Caucasian_1184,
Caucasian_1194/Caucasian_1194_4.png,Caucasian_1194_4,non_enrolled,Caucasian_1194,Caucasian, 5,Caucasian_1194,21.0
Caucasian_1200/Caucasian_1200_9.png,Caucasian_1200_9,non_enrolled,Caucasian_1200,Caucasian, 0,Caucasian_1200,
Caucasian_1213/Caucasian_1213_2.png,Caucasian_1213_2,non_enrolled,Caucasian_1213,Caucasian, 0,Caucasian_1213,
Caucasian_1220/Caucasian_1220_13.png,Caucasian_1220_13,non_enrolled,Caucasian_1220,Caucasian, 3,Caucasian_1220,
Caucasian_1224/Caucasian_1224_0.png,Caucasian_1224_0,non_enrolled,Caucasian_1224,Caucasian,,,
Caucasian_1228/Caucasian_1228_0.png,Caucasian_1228_0,non_enrolled,Caucasian_1228,Caucasian,,,
Caucasian_1232/Caucasian_1232_3.png,Caucasian_1232_3,non_enrolled,Caucasian_1232,Caucasian, 2,Caucasian_1232,10.0
Caucasian_1250/Caucasian_1250_5.png,Caucasian_1250_5,non_enrolled,Caucasian_1250,Caucasian, 2,Caucasian_1250,
Caucasian_1253/Caucasian_1253_6.png,Caucasian_1253_6,non_enrolled,Caucasian_1253,Caucasian, 7,Caucasian_1253,50.0
Caucasian_1270/Caucasian_1270_3.png,Caucasian_1270_3,non_enrolled,Caucasian_1270,Caucasian, 4,Caucasian_1270,
Caucasian_1284/Caucasian_1284_1.png,Caucasian_1284_1,non_enrolled,Caucasian_1284,Caucasian, 2,Caucasian_1284,
Caucasian_1289/Caucasian_1289_0.png,Caucasian_1289_0,non_enrolled,Caucasian_1289,Caucasian, 0,Caucasian_1289,
Caucasian_1291/Caucasian_1291_3.png,Caucasian_1291_3,non_enrolled,Caucasian_1291,Caucasian,,,
Caucasian_1301/Caucasian_1301_7.png,Caucasian_1301_7,non_enrolled,Caucasian_1301,Caucasian, 6,Caucasian_1301,25.0
Caucasian_1379/Caucasian_1379_57.png,Caucasian_1379_57,non_enrolled,Caucasian_1379,Caucasian, 8,Caucasian_1379,
Caucasian_1396/Caucasian_1396_4.png,Caucasian_1396_4,non_enrolled,Caucasian_1396,Caucasian, 8,Caucasian_1396,
Caucasian_140/Caucasian_140_0.png,Caucasian_140_0,non_enrolled,Caucasian_140,Caucasian, 8,Caucasian_140,
Caucasian_1406/Caucasian_1406_5.png,Caucasian_1406_5,non_enrolled,Caucasian_1406,Caucasian, 11,Caucasian_1406,10.0
Caucasian_151/Caucasian_151_0.png,Caucasian_151_0,non_enrolled,Caucasian_151,Caucasian, 4,Caucasian_151,
Caucasian_174/Caucasian_174_36.png,Caucasian_174_36,non_enrolled,Caucasian_174,Caucasian, 2,Caucasian_174,
Caucasian_189/Caucasian_189_13.png,Caucasian_189_13,non_enrolled,Caucasian_189,Caucasian, 3,Caucasian_189,
Caucasian_20/Caucasian_20_32.png,Caucasian_20_32,non_enrolled,Caucasian_20,Caucasian, 2,Caucasian_20,
Caucasian_22/Caucasian_22_5.png,Caucasian_22_5,non_enrolled,Caucasian_22,Caucasian, 3,Caucasian_22,23.0
Caucasian_262/Caucasian_262_17.png,Caucasian_262_17,non_enrolled,Caucasian_262,Caucasian, 2,Caucasian_262,
Caucasian_270/Caucasian_270_2.png,Caucasian_270_2,non_enrolled,Caucasian_270,Caucasian, 5,Caucasian_270,
Caucasian_271/Caucasian_271_3.png,Caucasian_271_3,non_enrolled,Caucasian_271,Caucasian, 5,Caucasian_271,
Caucasian_304/Caucasian_304_8.png,Caucasian_304_8,non_enrolled,Caucasian_304,Caucasian, 8,Caucasian_304,
Caucasian_309/Caucasian_309_12.png,Caucasian_309_12,non_enrolled,Caucasian_309,Caucasian, 5,Caucasian_309,35.0
Caucasian_34/Caucasian_34_11.png,Caucasian_34_11,non_enrolled,Caucasian_34,Caucasian, 2,Caucasian_34,
Caucasian_346/Caucasian_346_12.png,Caucasian_346_12,non_enrolled,Caucasian_346,Caucasian, 14,Caucasian_346,15.0
Caucasian_351/Caucasian_351_0.png,Caucasian_351_0,non_enrolled,Caucasian_351,Caucasian, 1,Caucasian_351,
Caucasian_353/Caucasian_353_7.png,Caucasian_353_7,non_enrolled,Caucasian_353,Caucasian, 8,Caucasian_353,
Caucasian_354/Caucasian_354_9.png,Caucasian_354_9,non_enrolled,Caucasian_354,Caucasian, 20,Caucasian_354,
Caucasian_357/Caucasian_357_47.png,Caucasian_357_47,non_enrolled,Caucasian_357,Caucasian, 5,Caucasian_357,21.0
Caucasian_366/Caucasian_366_1.png,Caucasian_366_1,non_enrolled,Caucasian_366,Caucasian, 4,Caucasian_366,
Caucasian_369/Caucasian_369_51.png,Caucasian_369_51,non_enrolled,Caucasian_369,Caucasian, 6,Caucasian_369,
Caucasian_376/Caucasian_376_22.png,Caucasian_376_22,non_enrolled,Caucasian_376,Caucasian, 0,Caucasian_376,
Caucasian_380/Caucasian_380_32.png,Caucasian_380_32,non_enrolled,Caucasian_380,Caucasian, 10,Caucasian_380,
Caucasian_40/Caucasian_40_400.png,Caucasian_40_400,non_enrolled,Caucasian_40,Caucasian, 8,Caucasian_40,36.0
Caucasian_408/Caucasian_408_7.png,Caucasian_408_7,non_enrolled,Caucasian_408,Caucasian, 2,Caucasian_408,
Caucasian_415/Caucasian_415_49.png,Caucasian_415_49,non_enrolled,Caucasian_415,Caucasian, 7,Caucasian_415,
Caucasian_422/Caucasian_422_0.png,Caucasian_422_0,non_enrolled,Caucasian_422,Caucasian, 1,Caucasian_422,17.0
Caucasian_427/Caucasian_427_7.png,Caucasian_427_7,non_enrolled,Caucasian_427,Caucasian, 0,Caucasian_427,
Caucasian_434/Caucasian_434_9.png,Caucasian_434_9,non_enrolled,Caucasian_434,Caucasian, 7,Caucasian_434,
Caucasian_46/Caucasian_46_12.png,Caucasian_46_12,non_enrolled,Caucasian_46,Caucasian,,,
Caucasian_477/Caucasian_477_77.png,Caucasian_477_77,non_enrolled,Caucasian_477,Caucasian, 6,Caucasian_477,
Caucasian_478/Caucasian_478_61.png,Caucasian_478_61,non_enrolled,Caucasian_478,Caucasian, 3,Caucasian_478,
Caucasian_479/Caucasian_479_2.png,Caucasian_479_2,non_enrolled,Caucasian_479,Caucasian, 4,Caucasian_479,
Caucasian_489/Caucasian_489_0.png,Caucasian_489_0,non_enrolled,Caucasian_489,Caucasian, 4,Caucasian_489,
Caucasian_491/Caucasian_491_2.png,Caucasian_491_2,non_enrolled,Caucasian_491,Caucasian, 6,Caucasian_491,
Caucasian_512/Caucasian_512_71.png,Caucasian_512_71,non_enrolled,Caucasian_512,Caucasian, 5,Caucasian_512,
Caucasian_527/Caucasian_527_1.png,Caucasian_527_1,non_enrolled,Caucasian_527,Caucasian, 5,Caucasian_527,
Caucasian_531/Caucasian_531_0.png,Caucasian_531_0,non_enrolled,Caucasian_531,Caucasian, 1,Caucasian_531,
Caucasian_545/Caucasian_545_8.png,Caucasian_545_8,non_enrolled,Caucasian_545,Caucasian, 8,Caucasian_545,
Caucasian_552/Caucasian_552_10.png,Caucasian_552_10,non_enrolled,Caucasian_552,Caucasian, 30,Caucasian_552,
Caucasian_572/Caucasian_572_2.png,Caucasian_572_2,non_enrolled,Caucasian_572,Caucasian, 4,Caucasian_572,
Caucasian_578/Caucasian_578_2.png,Caucasian_578_2,non_enrolled,Caucasian_578,Caucasian, 16,Caucasian_578,26.0
Caucasian_588/Caucasian_588_6.png,Caucasian_588_6,non_enrolled,Caucasian_588,Caucasian, 0,Caucasian_588,
Caucasian_596/Caucasian_596_7.png,Caucasian_596_7,non_enrolled,Caucasian_596,Caucasian, 2,Caucasian_596,11.0
Caucasian_600/Caucasian_600_40.png,Caucasian_600_40,non_enrolled,Caucasian_600,Caucasian, 6,Caucasian_600,
Caucasian_61/Caucasian_61_19.png,Caucasian_61_19,non_enrolled,Caucasian_61,Caucasian, 1,Caucasian_61,
Caucasian_65/Caucasian_65_76.png,Caucasian_65_76,non_enrolled,Caucasian_65,Caucasian, 1,Caucasian_65,
Caucasian_67/Caucasian_67_1.png,Caucasian_67_1,non_enrolled,Caucasian_67,Caucasian, 8,Caucasian_67,36.0
Caucasian_69/Caucasian_69_8.png,Caucasian_69_8,non_enrolled,Caucasian_69,Caucasian, 14,Caucasian_69,8.0
Caucasian_71/Caucasian_71_1.png,Caucasian_71_1,non_enrolled,Caucasian_71,Caucasian, 3,Caucasian_71,32.0
Caucasian_74/Caucasian_74_5.png,Caucasian_74_5,non_enrolled,Caucasian_74,Caucasian, 10,Caucasian_74,
Caucasian_76/Caucasian_76_11.png,Caucasian_76_11,non_enrolled,Caucasian_76,Caucasian, 8,Caucasian_76,
Caucasian_77/Caucasian_77_10.png,Caucasian_77_10,non_enrolled,Caucasian_77,Caucasian,,,
Caucasian_78/Caucasian_78_41.png,Caucasian_78_41,non_enrolled,Caucasian_78,Caucasian, 8,Caucasian_78,
Caucasian_8/Caucasian_8_41.png,Caucasian_8_41,non_enrolled,Caucasian_8,Caucasian, 2,Caucasian_8,
Caucasian_81/Caucasian_81_3.png,Caucasian_81_3,non_enrolled,Caucasian_81,Caucasian, 7,Caucasian_81,
Caucasian_84/Caucasian_84_3.png,Caucasian_84_3,non_enrolled,Caucasian_84,Caucasian, 4,Caucasian_84,
Caucasian_86/Caucasian_86_116.png,Caucasian_86_116,non_enrolled,Caucasian_86,Caucasian, 5,Caucasian_86,
Caucasian_9/Caucasian_9_11.png,Caucasian_9_11,non_enrolled,Caucasian_9,Caucasian, 8,Caucasian_9,61.0
Caucasian_91/Caucasian_91_7.png,Caucasian_91_7,non_enrolled,Caucasian_91,Caucasian, 5,Caucasian_91,
Caucasian_92/Caucasian_92_30.png,Caucasian_92_30,non_enrolled,Caucasian_92,Caucasian, 8,Caucasian_92,
Caucasian_94/Caucasian_94_8.png,Caucasian_94_8,non_enrolled,Caucasian_94,Caucasian, 1,Caucasian_94,10.0
Indian_0/Indian_0_0.png,Indian_0_0,non_enrolled,Indian_0,Indian, 4,Indian_0,21.0
Indian_1/Indian_1_0.png,Indian_1_0,non_enrolled,Indian_1,Indian, 2,Indian_1,
Indian_104/Indian_104_0.png,Indian_104_0,non_enrolled,Indian_104,Indian, 14,Indian_104,52.0
Indian_117/Indian_117_0.png,Indian_117_0,non_enrolled,Indian_117,Indian, 13,Indian_117,37.0
Indian_118/Indian_118_0.png,Indian_118_0,non_enrolled,Indian_118,Indian, 5,Indian_118,
Indian_128/Indian_128_0.png,Indian_128_0,non_enrolled,Indian_128,Indian, 16,Indian_128,43.0
Indian_13/Indian_13_0.png,Indian_13_0,non_enrolled,Indian_13,Indian, 13,Indian_13,21.0
Indian_139/Indian_139_0.png,Indian_139_0,non_enrolled,Indian_139,Indian, 8,Indian_139,37.0
Indian_150/Indian_150_0.png,Indian_150_0,non_enrolled,Indian_150,Indian, 3,Indian_150,13.0
Indian_151/Indian_151_0.png,Indian_151_0,non_enrolled,Indian_151,Indian, 7,Indian_151,19.0
Indian_161/Indian_161_0.png,Indian_161_0,non_enrolled,Indian_161,Indian, 13,Indian_161,33.0
Indian_171/Indian_171_0.png,Indian_171_0,non_enrolled,Indian_171,Indian, 12,Indian_171,33.0
Indian_172/Indian_172_0.png,Indian_172_0,non_enrolled,Indian_172,Indian, 16,Indian_172,49.0
Indian_173/Indian_173_0.png,Indian_173_0,non_enrolled,Indian_173,Indian, 12,Indian_173,
Indian_176/Indian_176_0.png,Indian_176_0,non_enrolled,Indian_176,Indian, 32,Indian_176,
Indian_178/Indian_178_0.png,Indian_178_0,non_enrolled,Indian_178,Indian, 25,Indian_178,
Indian_180/Indian_180_0.png,Indian_180_0,non_enrolled,Indian_180,Indian, 3,Indian_180,
Indian_185/Indian_185_0.png,Indian_185_0,non_enrolled,Indian_185,Indian, 4,Indian_185,
Indian_187/Indian_187_0.png,Indian_187_0,non_enrolled,Indian_187,Indian, 8,Indian_187,
Indian_188/Indian_188_0.png,Indian_188_0,non_enrolled,Indian_188,Indian, 13,Indian_188,62.0
Indian_190/Indian_190_0.png,Indian_190_0,non_enrolled,Indian_190,Indian, 14,Indian_190,54.0
Indian_191/Indian_191_0.png,Indian_191_0,non_enrolled,Indian_191,Indian, 10,Indian_191,
Indian_194/Indian_194_0.png,Indian_194_0,non_enrolled,Indian_194,Indian, 8,Indian_194,
Indian_197/Indian_197_0.png,Indian_197_0,non_enrolled,Indian_197,Indian, 7,Indian_197,19.0
Indian_198/Indian_198_0.png,Indian_198_0,non_enrolled,Indian_198,Indian, 15,Indian_198,80.0
Indian_2/Indian_2_0.png,Indian_2_0,non_enrolled,Indian_2,Indian, 8,Indian_2,
Indian_202/Indian_202_0.png,Indian_202_0,non_enrolled,Indian_202,Indian, 11,Indian_202,
Indian_203/Indian_203_0.png,Indian_203_0,non_enrolled,Indian_203,Indian, 2,Indian_203,37.0
Indian_204/Indian_204_0.png,Indian_204_0,non_enrolled,Indian_204,Indian, 18,Indian_204,29.0
Indian_205/Indian_205_0.png,Indian_205_0,non_enrolled,Indian_205,Indian, 1,Indian_205,
Indian_206/Indian_206_0.png,Indian_206_0,non_enrolled,Indian_206,Indian, 2,Indian_206,
Indian_21/Indian_21_0.png,Indian_21_0,non_enrolled,Indian_21,Indian, 11,Indian_21,39.0
Indian_22/Indian_22_0.png,Indian_22_0,non_enrolled,Indian_22,Indian, 10,Indian_22,
Indian_224/Indian_224_0.png,Indian_224_0,non_enrolled,Indian_224,Indian, 14,Indian_224,30.0
Indian_228/Indian_228_0.png,Indian_228_0,non_enrolled,Indian_228,Indian, 11,Indian_228,46.0
Indian_229/Indian_229_0.png,Indian_229_0,non_enrolled,Indian_229,Indian, 3,Indian_229,28.0
Indian_23/Indian_23_0.png,Indian_23_0,non_enrolled,Indian_23,Indian, 11,Indian_23,23.0
Indian_230/Indian_230_0.png,Indian_230_0,non_enrolled,Indian_230,Indian, 8,Indian_230,
Indian_233/Indian_233_0.png,Indian_233_0,non_enrolled,Indian_233,Indian, 6,Indian_233,12.0
Indian_234/Indian_234_0.png,Indian_234_0,non_enrolled,Indian_234,Indian, 8,Indian_234,
Indian_236/Indian_236_0.png,Indian_236_0,non_enrolled,Indian_236,Indian, 25,Indian_236,
Indian_238/Indian_238_0.png,Indian_238_0,non_enrolled,Indian_238,Indian, 16,Indian_238,73.0
Indian_24/Indian_24_0.png,Indian_24_0,non_enrolled,Indian_24,Indian, 10,Indian_24,29.0
Indian_248/Indian_248_0.png,Indian_248_0,non_enrolled,Indian_248,Indian, 4,Indian_248,
Indian_252/Indian_252_0.png,Indian_252_0,non_enrolled,Indian_252,Indian, 5,Indian_252,
Indian_253/Indian_253_0.png,Indian_253_0,non_enrolled,Indian_253,Indian, 21,Indian_253,
Indian_267/Indian_267_0.png,Indian_267_0,non_enrolled,Indian_267,Indian, 8,Indian_267,16.0
Indian_279/Indian_279_0.png,Indian_279_0,non_enrolled,Indian_279,Indian, 9,Indian_279,
Indian_280/Indian_280_0.png,Indian_280_0,non_enrolled,Indian_280,Indian, 9,Indian_280,55.0
Indian_281/Indian_281_0.png,Indian_281_0,non_enrolled,Indian_281,Indian, 8,Indian_281,64.0
Indian_282/Indian_282_0.png,Indian_282_0,non_enrolled,Indian_282,Indian, 6,Indian_282,
Indian_294/Indian_294_1.png,Indian_294_1,non_enrolled,Indian_294,Indian, 19,Indian_294,
Indian_299/Indian_299_0.png,Indian_299_0,non_enrolled,Indian_299,Indian, 4,Indian_299,26.0
Indian_301/Indian_301_0.png,Indian_301_0,non_enrolled,Indian_301,Indian, 3,Indian_301,
Indian_306/Indian_306_0.png,Indian_306_0,non_enrolled,Indian_306,Indian, 10,Indian_306,66.0
Indian_31/Indian_31_0.png,Indian_31_0,non_enrolled,Indian_31,Indian, 4,Indian_31,34.0
Indian_310/Indian_310_0.png,Indian_310_0,non_enrolled,Indian_310,Indian, 15,Indian_310,13.0
Indian_311/Indian_311_0.png,Indian_311_0,non_enrolled,Indian_311,Indian, 30,Indian_311,
Indian_313/Indian_313_0.png,Indian_313_0,non_enrolled,Indian_313,Indian, 11,Indian_313,63.0
Indian_316/Indian_316_0.png,Indian_316_0,non_enrolled,Indian_316,Indian, 23,Indian_316,
Indian_317/Indian_317_0.png,Indian_317_0,non_enrolled,Indian_317,Indian, 27,Indian_317,
Indian_324/Indian_324_0.png,Indian_324_0,non_enrolled,Indian_324,Indian, 20,Indian_324,
Indian_329/Indian_329_1.png,Indian_329_1,non_enrolled,Indian_329,Indian, 23,Indian_329,
Indian_33/Indian_33_0.png,Indian_33_0,non_enrolled,Indian_33,Indian, 17,Indian_33,37.0
Indian_336/Indian_336_0.png,Indian_336_0,non_enrolled,Indian_336,Indian, 9,Indian_336,51.0
Indian_337/Indian_337_0.png,Indian_337_0,non_enrolled,Indian_337,Indian, 10,Indian_337,25.0
Indian_338/Indian_338_1.png,Indian_338_1,non_enrolled,Indian_338,Indian, 2,Indian_338,
Indian_341/Indian_341_0.png,Indian_341_0,non_enrolled,Indian_341,Indian, 9,Indian_341,69.0
Indian_344/Indian_344_4.png,Indian_344_4,non_enrolled,Indian_344,Indian, 7,Indian_344,85.0
Indian_345/Indian_345_0.png,Indian_345_0,non_enrolled,Indian_345,Indian, 5,Indian_345,
Indian_346/Indian_346_0.png,Indian_346_0,non_enrolled,Indian_346,Indian, 4,Indian_346,15.0
Indian_347/Indian_347_0.png,Indian_347_0,non_enrolled,Indian_347,Indian, 12,Indian_347,
Indian_349/Indian_349_0.png,Indian_349_0,non_enrolled,Indian_349,Indian, 8,Indian_349,
Indian_360/Indian_360_0.png,Indian_360_0,non_enrolled,Indian_360,Indian, 7,Indian_360,46.0
Indian_362/Indian_362_0.png,Indian_362_0,non_enrolled,Indian_362,Indian, 5,Indian_362,28.0
Indian_367/Indian_367_0.png,Indian_367_0,non_enrolled,Indian_367,Indian, 11,Indian_367,
Indian_374/Indian_374_0.png,Indian_374_0,non_enrolled,Indian_374,Indian, 12,Indian_374,52.0
Indian_375/Indian_375_0.png,Indian_375_0,non_enrolled,Indian_375,Indian, 12,Indian_375,61.0
Indian_379/Indian_379_0.png,Indian_379_0,non_enrolled,Indian_379,Indian, 18,Indian_379,26.0
Indian_384/Indian_384_0.png,Indian_384_0,non_enrolled,Indian_384,Indian, 9,Indian_384,
Indian_386/Indian_386_0.png,Indian_386_0,non_enrolled,Indian_386,Indian, 25,Indian_386,
Indian_387/Indian_387_0.png,Indian_387_0,non_enrolled,Indian_387,Indian, 15,Indian_387,53.0
Indian_390/Indian_390_0.png,Indian_390_0,non_enrolled,Indian_390,Indian, 16,Indian_390,55.0
Indian_391/Indian_391_0.png,Indian_391_0,non_enrolled,Indian_391,Indian, 6,Indian_391,
Indian_394/Indian_394_0.png,Indian_394_0,non_enrolled,Indian_394,Indian, 11,Indian_394,18.0
Indian_395/Indian_395_0.png,Indian_395_0,non_enrolled,Indian_395,Indian, 6,Indian_395,
Indian_398/Indian_398_0.png,Indian_398_0,non_enrolled,Indian_398,Indian, 4,Indian_398,
Indian_401/Indian_401_0.png,Indian_401_0,non_enrolled,Indian_401,Indian, 3,Indian_401,30.0
Indian_407/Indian_407_1.png,Indian_407_1,non_enrolled,Indian_407,Indian, 6,Indian_407,
Indian_425/Indian_425_0.png,Indian_425_0,non_enrolled,Indian_425,Indian, 8,Indian_425,
Indian_432/Indian_432_0.png,Indian_432_0,non_enrolled,Indian_432,Indian, 13,Indian_432,66.0
Indian_435/Indian_435_0.png,Indian_435_0,non_enrolled,Indian_435,Indian, 10,Indian_435,
Indian_438/Indian_438_0.png,Indian_438_0,non_enrolled,Indian_438,Indian, 2,Indian_438,
Indian_439/Indian_439_0.png,Indian_439_0,non_enrolled,Indian_439,Indian, 14,Indian_439,16.0
Indian_440/Indian_440_0.png,Indian_440_0,non_enrolled,Indian_440,Indian, 41,Indian_440,
Indian_441/Indian_441_0.png,Indian_441_0,non_enrolled,Indian_441,Indian, 5,Indian_441,
Indian_445/Indian_445_1.png,Indian_445_1,non_enrolled,Indian_445,Indian, 27,Indian_445,
Indian_446/Indian_446_1.png,Indian_446_1,non_enrolled,Indian_446,Indian, 7,Indian_446,
Indian_450/Indian_450_0.png,Indian_450_0,non_enrolled,Indian_450,Indian, 6,Indian_450,
Indian_451/Indian_451_0.png,Indian_451_0,non_enrolled,Indian_451,Indian, 11,Indian_451,26.0
Indian_452/Indian_452_0.png,Indian_452_0,non_enrolled,Indian_452,Indian, 23,Indian_452,
Indian_453/Indian_453_0.png,Indian_453_0,non_enrolled,Indian_453,Indian, 7,Indian_453,
Indian_454/Indian_454_0.png,Indian_454_0,non_enrolled,Indian_454,Indian, 18,Indian_454,32.0
Indian_458/Indian_458_0.png,Indian_458_0,non_enrolled,Indian_458,Indian, 13,Indian_458,79.0
Indian_460/Indian_460_0.png,Indian_460_0,non_enrolled,Indian_460,Indian, 13,Indian_460,61.0
Indian_461/Indian_461_0.png,Indian_461_0,non_enrolled,Indian_461,Indian, 4,Indian_461,53.0
Indian_462/Indian_462_0.png,Indian_462_0,non_enrolled,Indian_462,Indian, 3,Indian_462,50.0
Indian_463/Indian_463_0.png,Indian_463_0,non_enrolled,Indian_463,Indian, 12,Indian_463,
Indian_464/Indian_464_0.png,Indian_464_0,non_enrolled,Indian_464,Indian, 12,Indian_464,
Indian_466/Indian_466_0.png,Indian_466_0,non_enrolled,Indian_466,Indian, 2,Indian_466,
Indian_467/Indian_467_0.png,Indian_467_0,non_enrolled,Indian_467,Indian, 4,Indian_467,
Indian_468/Indian_468_0.png,Indian_468_0,non_enrolled,Indian_468,Indian, 13,Indian_468,70.0
Indian_469/Indian_469_0.png,Indian_469_0,non_enrolled,Indian_469,Indian, 19,Indian_469,
Indian_470/Indian_470_0.png,Indian_470_0,non_enrolled,Indian_470,Indian, 10,Indian_470,
Indian_476/Indian_476_0.png,Indian_476_0,non_enrolled,Indian_476,Indian, 14,Indian_476,25.0
Indian_479/Indian_479_0.png,Indian_479_0,non_enrolled,Indian_479,Indian, 13,Indian_479,16.0
Indian_480/Indian_480_0.png,Indian_480_0,non_enrolled,Indian_480,Indian, 14,Indian_480,20.0
Indian_481/Indian_481_1.png,Indian_481_1,non_enrolled,Indian_481,Indian, 14,Indian_481,16.0
Indian_494/Indian_494_0.png,Indian_494_0,non_enrolled,Indian_494,Indian, 11,Indian_494,71.0
Indian_495/Indian_495_0.png,Indian_495_0,non_enrolled,Indian_495,Indian, 8,Indian_495,
Indian_497/Indian_497_0.png,Indian_497_0,non_enrolled,Indian_497,Indian, 9,Indian_497,
Indian_498/Indian_498_0.png,Indian_498_0,non_enrolled,Indian_498,Indian, 13,Indian_498,19.0
Indian_50/Indian_50_0.png,Indian_50_0,non_enrolled,Indian_50,Indian, 15,Indian_50,26.0
Indian_505/Indian_505_0.png,Indian_505_0,non_enrolled,Indian_505,Indian, 4,Indian_505,
Indian_506/Indian_506_0.png,Indian_506_0,non_enrolled,Indian_506,Indian, 9,Indian_506,
Indian_507/Indian_507_0.png,Indian_507_0,non_enrolled,Indian_507,Indian, 18,Indian_507,74.0
Indian_51/Indian_51_0.png,Indian_51_0,non_enrolled,Indian_51,Indian, 13,Indian_51,56.0
Indian_519/Indian_519_0.png,Indian_519_0,non_enrolled,Indian_519,Indian, 3,Indian_519,
Indian_52/Indian_52_0.png,Indian_52_0,non_enrolled,Indian_52,Indian, 3,Indian_52,
Indian_525/Indian_525_0.png,Indian_525_0,non_enrolled,Indian_525,Indian, 23,Indian_525,
Indian_534/Indian_534_0.png,Indian_534_0,non_enrolled,Indian_534,Indian, 19,Indian_534,
Indian_535/Indian_535_0.png,Indian_535_0,non_enrolled,Indian_535,Indian, 12,Indian_535,45.0
Indian_536/Indian_536_0.png,Indian_536_0,non_enrolled,Indian_536,Indian, 14,Indian_536,82.0
Indian_537/Indian_537_0.png,Indian_537_0,non_enrolled,Indian_537,Indian, 14,Indian_537,40.0
Indian_545/Indian_545_0.png,Indian_545_0,non_enrolled,Indian_545,Indian, 4,Indian_545,
Indian_550/Indian_550_0.png,Indian_550_0,non_enrolled,Indian_550,Indian, 6,Indian_550,
Indian_554/Indian_554_0.png,Indian_554_0,non_enrolled,Indian_554,Indian, 1,Indian_554,18.0
Indian_555/Indian_555_0.png,Indian_555_0,non_enrolled,Indian_555,Indian, 15,Indian_555,61.0
Indian_559/Indian_559_0.png,Indian_559_0,non_enrolled,Indian_559,Indian, 18,Indian_559,
Indian_566/Indian_566_0.png,Indian_566_0,non_enrolled,Indian_566,Indian, 5,Indian_566,
Indian_570/Indian_570_0.png,Indian_570_0,non_enrolled,Indian_570,Indian, 6,Indian_570,
Indian_582/Indian_582_0.png,Indian_582_0,non_enrolled,Indian_582,Indian, 7,Indian_582,31.0
Indian_584/Indian_584_0.png,Indian_584_0,non_enrolled,Indian_584,Indian, 2,Indian_584,
Indian_585/Indian_585_0.png,Indian_585_0,non_enrolled,Indian_585,Indian, 2,Indian_585,
Indian_588/Indian_588_0.png,Indian_588_0,non_enrolled,Indian_588,Indian, 2,Indian_588,46.0
Indian_589/Indian_589_2.png,Indian_589_2,non_enrolled,Indian_589,Indian, 8,Indian_589,40.0
Indian_593/Indian_593_0.png,Indian_593_0,non_enrolled,Indian_593,Indian, 21,Indian_593,
Indian_594/Indian_594_0.png,Indian_594_0,non_enrolled,Indian_594,Indian, 13,Indian_594,43.0
Indian_595/Indian_595_1.png,Indian_595_1,non_enrolled,Indian_595,Indian, 17,Indian_595,36.0
Indian_614/Indian_614_0.png,Indian_614_0,non_enrolled,Indian_614,Indian, 12,Indian_614,15.0
Indian_616/Indian_616_0.png,Indian_616_0,non_enrolled,Indian_616,Indian, 10,Indian_616,53.0
Indian_617/Indian_617_0.png,Indian_617_0,non_enrolled,Indian_617,Indian, 8,Indian_617,45.0
Indian_62/Indian_62_0.png,Indian_62_0,non_enrolled,Indian_62,Indian, 16,Indian_62,21.0
Indian_621/Indian_621_0.png,Indian_621_0,non_enrolled,Indian_621,Indian, 17,Indian_621,25.0
Indian_622/Indian_622_0.png,Indian_622_0,non_enrolled,Indian_622,Indian, 4,Indian_622,
Indian_623/Indian_623_0.png,Indian_623_0,non_enrolled,Indian_623,Indian, 6,Indian_623,16.0
Indian_625/Indian_625_0.png,Indian_625_0,non_enrolled,Indian_625,Indian, 24,Indian_625,
Indian_626/Indian_626_0.png,Indian_626_0,non_enrolled,Indian_626,Indian, 18,Indian_626,49.0
Indian_627/Indian_627_1.png,Indian_627_1,non_enrolled,Indian_627,Indian, 34,Indian_627,
Indian_64/Indian_64_0.png,Indian_64_0,non_enrolled,Indian_64,Indian, 14,Indian_64,50.0
Indian_65/Indian_65_0.png,Indian_65_0,non_enrolled,Indian_65,Indian, 9,Indian_65,50.0
Indian_652/Indian_652_0.png,Indian_652_0,non_enrolled,Indian_652,Indian, 9,Indian_652,
Indian_66/Indian_66_0.png,Indian_66_0,non_enrolled,Indian_66,Indian, 5,Indian_66,53.0
Indian_664/Indian_664_0.png,Indian_664_0,non_enrolled,Indian_664,Indian, 13,Indian_664,61.0
Indian_68/Indian_68_0.png,Indian_68_0,non_enrolled,Indian_68,Indian, 7,Indian_68,66.0
Indian_683/Indian_683_0.png,Indian_683_0,non_enrolled,Indian_683,Indian, 20,Indian_683,
Indian_684/Indian_684_0.png,Indian_684_0,non_enrolled,Indian_684,Indian, 9,Indian_684,73.0
Indian_685/Indian_685_0.png,Indian_685_0,non_enrolled,Indian_685,Indian, 24,Indian_685,
Indian_686/Indian_686_0.png,Indian_686_0,non_enrolled,Indian_686,Indian, 4,Indian_686,
Indian_687/Indian_687_0.png,Indian_687_0,non_enrolled,Indian_687,Indian, 18,Indian_687,52.0
Indian_7/Indian_7_0.png,Indian_7_0,non_enrolled,Indian_7,Indian, 13,Indian_7,26.0
Indian_70/Indian_70_0.png,Indian_70_0,non_enrolled,Indian_70,Indian, 12,Indian_70,22.0
Indian_701/Indian_701_0.png,Indian_701_0,non_enrolled,Indian_701,Indian, 4,Indian_701,
Indian_703/Indian_703_2.png,Indian_703_2,non_enrolled,Indian_703,Indian, 26,Indian_703,
Indian_71/Indian_71_0.png,Indian_71_0,non_enrolled,Indian_71,Indian, 9,Indian_71,
Indian_710/Indian_710_0.png,Indian_710_0,non_enrolled,Indian_710,Indian, 11,Indian_710,
Indian_720/Indian_720_0.png,Indian_720_0,non_enrolled,Indian_720,Indian, 5,Indian_720,12.0
Indian_73/Indian_73_0.png,Indian_73_0,non_enrolled,Indian_73,Indian, 16,Indian_73,
Indian_74/Indian_74_0.png,Indian_74_0,non_enrolled,Indian_74,Indian, 14,Indian_74,38.0
Indian_75/Indian_75_0.png,Indian_75_0,non_enrolled,Indian_75,Indian, 7,Indian_75,30.0
Indian_76/Indian_76_0.png,Indian_76_0,non_enrolled,Indian_76,Indian, 17,Indian_76,30.0
Indian_77/Indian_77_0.png,Indian_77_0,non_enrolled,Indian_77,Indian, 8,Indian_77,28.0
Indian_79/Indian_79_0.png,Indian_79_0,non_enrolled,Indian_79,Indian, 9,Indian_79,
Indian_82/Indian_82_0.png,Indian_82_0,non_enrolled,Indian_82,Indian, 4,Indian_82,
Indian_9/Indian_9_0.png,Indian_9_0,non_enrolled,Indian_9,Indian, 3,Indian_9,
Indian_90/Indian_90_18.png,Indian_90_18,non_enrolled,Indian_90,Indian, 32,Indian_90,
Indian_91/Indian_91_0.png,Indian_91_0,non_enrolled,Indian_91,Indian, 15,Indian_91,36.0
Indian_93/Indian_93_1.png,Indian_93_1,non_enrolled,Indian_93,Indian, 10,Indian_93,
Indian_96/Indian_96_0.png,Indian_96_0,non_enrolled,Indian_96,Indian, 8,Indian_96,
Indian_97/Indian_97_10.png,Indian_97_10,non_enrolled,Indian_97,Indian, 18,Indian_97,49.0
Indian_99/Indian_99_1.png,Indian_99_1,non_enrolled,Indian_99,Indian, 2,Indian_99,9.0
