files_list,image_name,identity_name,enrolled,ethnicity,Age,Identity,UnifiedQualityScore.scalar,HeadPoseYaw.scalar,HeadPosePitch.scalar,HeadPoseRoll.scalar
African_m.01jq08_/m.01jq08__0002.jpg,m.01jq08__0002,m.01jq08_,non_enrolled,African,38,m.01jq08_,29.0,95.0,89.0,100.0
African_m.01jr5w/m.01jr5w_0003.jpg,m.01jr5w_0003,m.01jr5w,non_enrolled,African,25,m.01jr5w,16.0,91.0,96.0,100.0
African_m.01l_04j/m.01l_04j_0001.jpg,m.01l_04j_0001,m.01l_04j,non_enrolled,African,42,m.01l_04j,6.0,100.0,73.0,100.0
African_m.01mqdhm/m.01mqdhm_0001.jpg,m.01mqdhm_0001,m.01mqdhm,non_enrolled,African,17,m.01mqdhm,,,,
African_m.01ng51t/m.01ng51t_0001.jpg,m.01ng51t_0001,m.01ng51t,non_enrolled,African,47,m.01ng51t,23.0,63.0,96.0,98.0
African_m.01nk6j7/m.01nk6j7_0003.jpg,m.01nk6j7_0003,m.01nk6j7,non_enrolled,African,40,m.01nk6j7,56.0,78.0,98.0,100.0
African_m.01ntrr3/m.01ntrr3_0001.jpg,m.01ntrr3_0001,m.01ntrr3,non_enrolled,African,43,m.01ntrr3,9.0,87.0,99.0,100.0
African_m.01q5qp8/m.01q5qp8_0001.jpg,m.01q5qp8_0001,m.01q5qp8,non_enrolled,African,35,m.01q5qp8,11.0,84.0,78.0,97.0
African_m.01vsmzh/m.01vsmzh_0001.jpg,m.01vsmzh_0001,m.01vsmzh,non_enrolled,African,33,m.01vsmzh,26.0,87.0,95.0,100.0
African_m.01v_3zf/m.01v_3zf_0001.jpg,m.01v_3zf_0001,m.01v_3zf,non_enrolled,African,45,m.01v_3zf,47.0,83.0,99.0,100.0
African_m.01wqxdq/m.01wqxdq_0002.jpg,m.01wqxdq_0002,m.01wqxdq,non_enrolled,African,38,m.01wqxdq,22.0,99.0,99.0,100.0
African_m.020cgm/m.020cgm_0001.jpg,m.020cgm_0001,m.020cgm,non_enrolled,African,29,m.020cgm,42.0,97.0,99.0,100.0
African_m.022gr6/m.022gr6_0001.jpg,m.022gr6_0001,m.022gr6,non_enrolled,African,40,m.022gr6,45.0,47.0,97.0,99.0
African_m.026f4b4/m.026f4b4_0002.jpg,m.026f4b4_0002,m.026f4b4,non_enrolled,African,27,m.026f4b4,46.0,77.0,91.0,98.0
African_m.02pqvk3/m.02pqvk3_0001.jpg,m.02pqvk3_0001,m.02pqvk3,non_enrolled,African,29,m.02pqvk3,83.0,98.0,100.0,100.0
African_m.02qlvxk/m.02qlvxk_0002.jpg,m.02qlvxk_0002,m.02qlvxk,non_enrolled,African,24,m.02qlvxk,15.0,81.0,98.0,100.0
African_m.02qvq8h/m.02qvq8h_0002.jpg,m.02qvq8h_0002,m.02qvq8h,non_enrolled,African,24,m.02qvq8h,96.0,88.0,100.0,100.0
African_m.02rpwm7/m.02rpwm7_0002.jpg,m.02rpwm7_0002,m.02rpwm7,non_enrolled,African,36,m.02rpwm7,65.0,92.0,96.0,100.0
African_m.02rxpxn/m.02rxpxn_0002.jpg,m.02rxpxn_0002,m.02rxpxn,non_enrolled,African,26,m.02rxpxn,10.0,64.0,90.0,97.0
African_m.02ry6y4/m.02ry6y4_0001.jpg,m.02ry6y4_0001,m.02ry6y4,non_enrolled,African,24,m.02ry6y4,72.0,100.0,94.0,100.0
African_m.02tyzl/m.02tyzl_0002.jpg,m.02tyzl_0002,m.02tyzl,non_enrolled,African,35,m.02tyzl,11.0,99.0,98.0,100.0
African_m.02wwjtp/m.02wwjtp_0002.jpg,m.02wwjtp_0002,m.02wwjtp,non_enrolled,African,24,m.02wwjtp,14.0,100.0,100.0,100.0
African_m.02z0hh/m.02z0hh_0004.jpg,m.02z0hh_0004,m.02z0hh,non_enrolled,African,39,m.02z0hh,89.0,100.0,99.0,100.0
African_m.02zbm26/m.02zbm26_0003.jpg,m.02zbm26_0003,m.02zbm26,non_enrolled,African,25,m.02zbm26,76.0,81.0,93.0,99.0
African_m.03c0jkp/m.03c0jkp_0001.jpg,m.03c0jkp_0001,m.03c0jkp,non_enrolled,African,27,m.03c0jkp,52.0,72.0,100.0,100.0
African_m.03cd7cg/m.03cd7cg_0001.jpg,m.03cd7cg_0001,m.03cd7cg,non_enrolled,African,51,m.03cd7cg,60.0,100.0,100.0,100.0
African_m.03gs570/m.03gs570_0003.jpg,m.03gs570_0003,m.03gs570,non_enrolled,African,22,m.03gs570,51.0,99.0,100.0,100.0
African_m.03mtrl/m.03mtrl_0002.jpg,m.03mtrl_0002,m.03mtrl,non_enrolled,African,31,m.03mtrl,6.0,82.0,98.0,100.0
African_m.03nlm_/m.03nlm__0001.jpg,m.03nlm__0001,m.03nlm_,non_enrolled,African,21,m.03nlm_,44.0,100.0,99.0,100.0
African_m.03rh7_/m.03rh7__0003.jpg,m.03rh7__0003,m.03rh7_,non_enrolled,African,40,m.03rh7_,68.0,100.0,98.0,100.0
African_m.03rlk0/m.03rlk0_0003.jpg,m.03rlk0_0003,m.03rlk0,non_enrolled,African,46,m.03rlk0,23.0,95.0,99.0,100.0
African_m.03xmw5p/m.03xmw5p_0001.jpg,m.03xmw5p_0001,m.03xmw5p,non_enrolled,African,43,m.03xmw5p,24.0,90.0,100.0,100.0
African_m.040dvn/m.040dvn_0002.jpg,m.040dvn_0002,m.040dvn,non_enrolled,African,22,m.040dvn,25.0,93.0,99.0,100.0
African_m.047x7q/m.047x7q_0002.jpg,m.047x7q_0002,m.047x7q,non_enrolled,African,37,m.047x7q,75.0,99.0,100.0,100.0
African_m.0490qc/m.0490qc_0002.jpg,m.0490qc_0002,m.0490qc,non_enrolled,African,24,m.0490qc,56.0,79.0,100.0,100.0
African_m.04jk_jl/m.04jk_jl_0002.jpg,m.04jk_jl_0002,m.04jk_jl,non_enrolled,African,29,m.04jk_jl,74.0,100.0,99.0,100.0
African_m.04jmv1s/m.04jmv1s_0002.jpg,m.04jmv1s_0002,m.04jmv1s,non_enrolled,African,39,m.04jmv1s,78.0,89.0,100.0,100.0
African_m.04qmlm/m.04qmlm_0002.jpg,m.04qmlm_0002,m.04qmlm,non_enrolled,African,34,m.04qmlm,18.0,90.0,99.0,100.0
African_m.04r_75/m.04r_75_0001.jpg,m.04r_75_0001,m.04r_75,non_enrolled,African,31,m.04r_75,15.0,56.0,100.0,100.0
African_m.04y7mty/m.04y7mty_0002.jpg,m.04y7mty_0002,m.04y7mty,non_enrolled,African,24,m.04y7mty,32.0,100.0,95.0,100.0
African_m.051jw_/m.051jw__0002.jpg,m.051jw__0002,m.051jw_,non_enrolled,African,34,m.051jw_,72.0,100.0,91.0,100.0
African_m.055mxp/m.055mxp_0002.jpg,m.055mxp_0002,m.055mxp,non_enrolled,African,22,m.055mxp,29.0,89.0,98.0,99.0
African_m.05df16/m.05df16_0001.jpg,m.05df16_0001,m.05df16,non_enrolled,African,25,m.05df16,24.0,93.0,88.0,100.0
African_m.05g9k8/m.05g9k8_0003.jpg,m.05g9k8_0003,m.05g9k8,non_enrolled,African,42,m.05g9k8,29.0,91.0,100.0,99.0
African_m.05whkt/m.05whkt_0001.jpg,m.05whkt_0001,m.05whkt,non_enrolled,African,23,m.05whkt,61.0,100.0,100.0,100.0
African_m.05zl3c/m.05zl3c_0003.jpg,m.05zl3c_0003,m.05zl3c,non_enrolled,African,22,m.05zl3c,69.0,77.0,99.0,100.0
African_m.05zyz_6/m.05zyz_6_0002.jpg,m.05zyz_6_0002,m.05zyz_6,non_enrolled,African,28,m.05zyz_6,35.0,77.0,100.0,99.0
African_m.05zz1v/m.05zz1v_0002.jpg,m.05zz1v_0002,m.05zz1v,non_enrolled,African,52,m.05zz1v,54.0,100.0,100.0,100.0
African_m.06dk8n/m.06dk8n_0002.jpg,m.06dk8n_0002,m.06dk8n,non_enrolled,African,28,m.06dk8n,14.0,97.0,98.0,100.0
African_m.06g79w/m.06g79w_0001.jpg,m.06g79w_0001,m.06g79w,non_enrolled,African,25,m.06g79w,34.0,100.0,100.0,100.0
African_m.06p_8l/m.06p_8l_0001.jpg,m.06p_8l_0001,m.06p_8l,non_enrolled,African,42,m.06p_8l,53.0,99.0,100.0,100.0
African_m.06s27s/m.06s27s_0003.jpg,m.06s27s_0003,m.06s27s,non_enrolled,African,40,m.06s27s,68.0,100.0,92.0,100.0
African_m.06w7txd/m.06w7txd_0002.jpg,m.06w7txd_0002,m.06w7txd,non_enrolled,African,28,m.06w7txd,58.0,97.0,100.0,100.0
African_m.06x8v3/m.06x8v3_0001.jpg,m.06x8v3_0001,m.06x8v3,non_enrolled,African,31,m.06x8v3,11.0,100.0,100.0,100.0
African_m.07k4tsn/m.07k4tsn_0001.jpg,m.07k4tsn_0001,m.07k4tsn,non_enrolled,African,16,m.07k4tsn,,,,
African_m.07kd5wh/m.07kd5wh_0001.jpg,m.07kd5wh_0001,m.07kd5wh,non_enrolled,African,24,m.07kd5wh,46.0,98.0,100.0,100.0
African_m.07wmvk/m.07wmvk_0002.jpg,m.07wmvk_0002,m.07wmvk,non_enrolled,African,37,m.07wmvk,69.0,91.0,100.0,100.0
African_m.07xcvw/m.07xcvw_0002.jpg,m.07xcvw_0002,m.07xcvw,non_enrolled,African,25,m.07xcvw,27.0,47.0,100.0,99.0
African_m.089lfc/m.089lfc_0002.jpg,m.089lfc_0002,m.089lfc,non_enrolled,African,39,m.089lfc,15.0,96.0,96.0,100.0
African_m.08zzv9/m.08zzv9_0001.jpg,m.08zzv9_0001,m.08zzv9,non_enrolled,African,33,m.08zzv9,13.0,50.0,33.0,55.0
African_m.09jfqc/m.09jfqc_0002.jpg,m.09jfqc_0002,m.09jfqc,non_enrolled,African,43,m.09jfqc,89.0,100.0,97.0,100.0
African_m.09rx3h0/m.09rx3h0_0002.jpg,m.09rx3h0_0002,m.09rx3h0,non_enrolled,African,33,m.09rx3h0,51.0,100.0,99.0,100.0
African_m.0bpbxd/m.0bpbxd_0001.jpg,m.0bpbxd_0001,m.0bpbxd,non_enrolled,African,32,m.0bpbxd,72.0,99.0,100.0,100.0
African_m.0bw2x2/m.0bw2x2_0002.jpg,m.0bw2x2_0002,m.0bw2x2,non_enrolled,African,31,m.0bw2x2,31.0,44.0,98.0,100.0
African_m.0c3tzh5/m.0c3tzh5_0002.jpg,m.0c3tzh5_0002,m.0c3tzh5,non_enrolled,African,25,m.0c3tzh5,14.0,94.0,99.0,100.0
African_m.0df425/m.0df425_0001.jpg,m.0df425_0001,m.0df425,non_enrolled,African,26,m.0df425,59.0,93.0,99.0,100.0
African_m.0df4rv/m.0df4rv_0002.jpg,m.0df4rv_0002,m.0df4rv,non_enrolled,African,35,m.0df4rv,45.0,100.0,94.0,100.0
African_m.0dgkq4/m.0dgkq4_0002.jpg,m.0dgkq4_0002,m.0dgkq4,non_enrolled,African,35,m.0dgkq4,35.0,64.0,100.0,100.0
African_m.0dnj2hd/m.0dnj2hd_0002.jpg,m.0dnj2hd_0002,m.0dnj2hd,non_enrolled,African,38,m.0dnj2hd,26.0,100.0,99.0,100.0
African_m.0dsmy3/m.0dsmy3_0002.jpg,m.0dsmy3_0002,m.0dsmy3,non_enrolled,African,34,m.0dsmy3,27.0,99.0,99.0,100.0
African_m.0f9rj_/m.0f9rj__0001.jpg,m.0f9rj__0001,m.0f9rj_,non_enrolled,African,32,m.0f9rj_,60.0,98.0,92.0,100.0
African_m.0fb0sp/m.0fb0sp_0002.jpg,m.0fb0sp_0002,m.0fb0sp,non_enrolled,African,25,m.0fb0sp,10.0,85.0,100.0,100.0
African_m.0fdctd/m.0fdctd_0003.jpg,m.0fdctd_0003,m.0fdctd,non_enrolled,African,44,m.0fdctd,12.0,100.0,98.0,100.0
African_m.0fw3k1/m.0fw3k1_0001.jpg,m.0fw3k1_0001,m.0fw3k1,non_enrolled,African,27,m.0fw3k1,17.0,100.0,100.0,100.0
African_m.0g1y3z/m.0g1y3z_0001.jpg,m.0g1y3z_0001,m.0g1y3z,non_enrolled,African,20,m.0g1y3z,48.0,100.0,100.0,100.0
African_m.0g5rhz0/m.0g5rhz0_0002.jpg,m.0g5rhz0_0002,m.0g5rhz0,non_enrolled,African,24,m.0g5rhz0,91.0,100.0,98.0,100.0
African_m.0gfd1h7/m.0gfd1h7_0001.jpg,m.0gfd1h7_0001,m.0gfd1h7,non_enrolled,African,26,m.0gfd1h7,15.0,38.0,99.0,99.0
African_m.0gg6zmj/m.0gg6zmj_0004.jpg,m.0gg6zmj_0004,m.0gg6zmj,non_enrolled,African,32,m.0gg6zmj,59.0,100.0,87.0,100.0
African_m.0glr4p2/m.0glr4p2_0001.jpg,m.0glr4p2_0001,m.0glr4p2,non_enrolled,African,26,m.0glr4p2,16.0,94.0,99.0,100.0
African_m.0gtxrss/m.0gtxrss_0001.jpg,m.0gtxrss_0001,m.0gtxrss,non_enrolled,African,24,m.0gtxrss,56.0,99.0,99.0,100.0
African_m.0gvr8h/m.0gvr8h_0003.jpg,m.0gvr8h_0003,m.0gvr8h,non_enrolled,African,41,m.0gvr8h,72.0,96.0,96.0,100.0
African_m.0hgld5j/m.0hgld5j_0002.jpg,m.0hgld5j_0002,m.0hgld5j,non_enrolled,African,25,m.0hgld5j,19.0,100.0,95.0,100.0
African_m.0hr6y10/m.0hr6y10_0002.jpg,m.0hr6y10_0002,m.0hr6y10,non_enrolled,African,22,m.0hr6y10,60.0,96.0,99.0,100.0
African_m.0h_dcvm/m.0h_dcvm_0001.jpg,m.0h_dcvm_0001,m.0h_dcvm,non_enrolled,African,28,m.0h_dcvm,45.0,88.0,99.0,100.0
African_m.0h_dpyh/m.0h_dpyh_0001.jpg,m.0h_dpyh_0001,m.0h_dpyh,non_enrolled,African,21,m.0h_dpyh,83.0,100.0,95.0,100.0
African_m.0j3gtc7/m.0j3gtc7_0002.jpg,m.0j3gtc7_0002,m.0j3gtc7,non_enrolled,African,24,m.0j3gtc7,41.0,90.0,91.0,99.0
African_m.0j67l3_/m.0j67l3__0003.jpg,m.0j67l3__0003,m.0j67l3_,non_enrolled,African,27,m.0j67l3_,92.0,100.0,100.0,100.0
African_m.0j9ky3z/m.0j9ky3z_0001.jpg,m.0j9ky3z_0001,m.0j9ky3z,non_enrolled,African,24,m.0j9ky3z,32.0,93.0,92.0,99.0
African_m.0jl1f7x/m.0jl1f7x_0002.jpg,m.0jl1f7x_0002,m.0jl1f7x,non_enrolled,African,34,m.0jl1f7x,75.0,100.0,95.0,100.0
African_m.0k0qtwt/m.0k0qtwt_0002.jpg,m.0k0qtwt_0002,m.0k0qtwt,non_enrolled,African,37,m.0k0qtwt,57.0,98.0,100.0,100.0
African_m.0mc36/m.0mc36_0001.jpg,m.0mc36_0001,m.0mc36,non_enrolled,African,52,m.0mc36,15.0,100.0,96.0,100.0
African_m.0r8x_gx/m.0r8x_gx_0001.jpg,m.0r8x_gx_0001,m.0r8x_gx,non_enrolled,African,23,m.0r8x_gx,61.0,100.0,100.0,100.0
Asian_m.025wqwh/m.025wqwh_0001.jpg,m.025wqwh_0001,m.025wqwh,non_enrolled,Asian,31,m.025wqwh,5.0,98.0,100.0,100.0
Asian_m.0265y64/m.0265y64_0002.jpg,m.0265y64_0002,m.0265y64,non_enrolled,Asian,23,m.0265y64,88.0,92.0,99.0,100.0
Asian_m.027x4_k/m.027x4_k_0001.jpg,m.027x4_k_0001,m.027x4_k,non_enrolled,Asian,28,m.027x4_k,8.0,85.0,90.0,99.0
Asian_m.02nkmb/m.02nkmb_0002.jpg,m.02nkmb_0002,m.02nkmb,non_enrolled,Asian,47,m.02nkmb,68.0,93.0,100.0,100.0
Asian_m.02pybrl/m.02pybrl_0002.jpg,m.02pybrl_0002,m.02pybrl,non_enrolled,Asian,47,m.02pybrl,70.0,100.0,100.0,100.0
Asian_m.02q283/m.02q283_0002.jpg,m.02q283_0002,m.02q283,non_enrolled,Asian,74,m.02q283,77.0,85.0,99.0,99.0
Asian_m.02rzm97/m.02rzm97_0001.jpg,m.02rzm97_0001,m.02rzm97,non_enrolled,Asian,30,m.02rzm97,2.0,63.0,98.0,99.0
Asian_m.02tcmt/m.02tcmt_0001.jpg,m.02tcmt_0001,m.02tcmt,non_enrolled,Asian,37,m.02tcmt,8.0,86.0,100.0,100.0
Asian_m.0361yr/m.0361yr_0001.jpg,m.0361yr_0001,m.0361yr,non_enrolled,Asian,30,m.0361yr,28.0,94.0,99.0,100.0
Asian_m.0377cl/m.0377cl_0002.jpg,m.0377cl_0002,m.0377cl,non_enrolled,Asian,40,m.0377cl,24.0,92.0,85.0,98.0
Asian_m.03bdj5/m.03bdj5_0002.jpg,m.03bdj5_0002,m.03bdj5,non_enrolled,Asian,29,m.03bdj5,22.0,100.0,99.0,100.0
Asian_m.03c62bf/m.03c62bf_0001.jpg,m.03c62bf_0001,m.03c62bf,non_enrolled,Asian,16,m.03c62bf,,,,
Asian_m.03m4wm0/m.03m4wm0_0002.jpg,m.03m4wm0_0002,m.03m4wm0,non_enrolled,Asian,41,m.03m4wm0,32.0,84.0,98.0,99.0
Asian_m.03mhgl0/m.03mhgl0_0001.jpg,m.03mhgl0_0001,m.03mhgl0,non_enrolled,Asian,51,m.03mhgl0,69.0,99.0,100.0,100.0
Asian_m.03qqkg/m.03qqkg_0001.jpg,m.03qqkg_0001,m.03qqkg,non_enrolled,Asian,22,m.03qqkg,22.0,98.0,91.0,99.0
Asian_m.03tshx/m.03tshx_0002.jpg,m.03tshx_0002,m.03tshx,non_enrolled,Asian,26,m.03tshx,53.0,100.0,99.0,100.0
Asian_m.043sdm_/m.043sdm__0003.jpg,m.043sdm__0003,m.043sdm_,non_enrolled,Asian,36,m.043sdm_,16.0,90.0,91.0,98.0
Asian_m.04f4_6q/m.04f4_6q_0003.jpg,m.04f4_6q_0003,m.04f4_6q,non_enrolled,Asian,23,m.04f4_6q,41.0,97.0,94.0,99.0
Asian_m.04kxwk/m.04kxwk_0001.jpg,m.04kxwk_0001,m.04kxwk,non_enrolled,Asian,32,m.04kxwk,50.0,98.0,99.0,100.0
Asian_m.04nzf7/m.04nzf7_0003.jpg,m.04nzf7_0003,m.04nzf7,non_enrolled,Asian,33,m.04nzf7,77.0,93.0,98.0,100.0
Asian_m.04ydpy4/m.04ydpy4_0003.jpg,m.04ydpy4_0003,m.04ydpy4,non_enrolled,Asian,33,m.04ydpy4,14.0,68.0,98.0,99.0
Asian_m.05741l/m.05741l_0001.jpg,m.05741l_0001,m.05741l,non_enrolled,Asian,43,m.05741l,37.0,99.0,100.0,100.0
Asian_m.057tnv/m.057tnv_0002.jpg,m.057tnv_0002,m.057tnv,non_enrolled,Asian,22,m.057tnv,32.0,97.0,98.0,100.0
Asian_m.05lk_d/m.05lk_d_0002.jpg,m.05lk_d_0002,m.05lk_d,non_enrolled,Asian,29,m.05lk_d,57.0,82.0,94.0,99.0
Asian_m.05nxb_/m.05nxb__0001.jpg,m.05nxb__0001,m.05nxb_,non_enrolled,Asian,45,m.05nxb_,28.0,100.0,100.0,100.0
Asian_m.05zk65x/m.05zk65x_0003.jpg,m.05zk65x_0003,m.05zk65x,non_enrolled,Asian,23,m.05zk65x,39.0,79.0,98.0,99.0
Asian_m.0659sj/m.0659sj_0003.jpg,m.0659sj_0003,m.0659sj,non_enrolled,Asian,28,m.0659sj,81.0,99.0,100.0,100.0
Asian_m.067q5t/m.067q5t_0002.jpg,m.067q5t_0002,m.067q5t,non_enrolled,Asian,55,m.067q5t,36.0,90.0,83.0,99.0
Asian_m.06q_wv/m.06q_wv_0003.jpg,m.06q_wv_0003,m.06q_wv,non_enrolled,Asian,27,m.06q_wv,78.0,96.0,99.0,100.0
Asian_m.08nsyz4/m.08nsyz4_0001.jpg,m.08nsyz4_0001,m.08nsyz4,non_enrolled,Asian,21,m.08nsyz4,40.0,99.0,98.0,100.0
Asian_m.09f57q/m.09f57q_0003.jpg,m.09f57q_0003,m.09f57q,non_enrolled,Asian,30,m.09f57q,19.0,97.0,97.0,100.0
Asian_m.09qqd7/m.09qqd7_0002.jpg,m.09qqd7_0002,m.09qqd7,non_enrolled,Asian,38,m.09qqd7,41.0,95.0,99.0,100.0
Asian_m.09zbx4/m.09zbx4_0003.jpg,m.09zbx4_0003,m.09zbx4,non_enrolled,Asian,21,m.09zbx4,9.0,94.0,99.0,100.0
Asian_m.0bj77lx/m.0bj77lx_0002.jpg,m.0bj77lx_0002,m.0bj77lx,non_enrolled,Asian,26,m.0bj77lx,53.0,78.0,95.0,98.0
Asian_m.0bkjyt/m.0bkjyt_0002.jpg,m.0bkjyt_0002,m.0bkjyt,non_enrolled,Asian,23,m.0bkjyt,46.0,98.0,95.0,100.0
Asian_m.0bs56dh/m.0bs56dh_0002.jpg,m.0bs56dh_0002,m.0bs56dh,non_enrolled,Asian,74,m.0bs56dh,92.0,99.0,99.0,100.0
Asian_m.0dgpmgw/m.0dgpmgw_0003.jpg,m.0dgpmgw_0003,m.0dgpmgw,non_enrolled,Asian,42,m.0dgpmgw,67.0,100.0,97.0,100.0
Asian_m.0dr2_4/m.0dr2_4_0001.jpg,m.0dr2_4_0001,m.0dr2_4,non_enrolled,Asian,29,m.0dr2_4,20.0,81.0,100.0,100.0
Asian_m.0gc6z2n/m.0gc6z2n_0003.jpg,m.0gc6z2n_0003,m.0gc6z2n,non_enrolled,Asian,24,m.0gc6z2n,22.0,98.0,100.0,100.0
Asian_m.0h7qvv8/m.0h7qvv8_0001.jpg,m.0h7qvv8_0001,m.0h7qvv8,non_enrolled,Asian,29,m.0h7qvv8,78.0,91.0,100.0,100.0
Asian_m.0k8nyxq/m.0k8nyxq_0001.jpg,m.0k8nyxq_0001,m.0k8nyxq,non_enrolled,Asian,24,m.0k8nyxq,14.0,98.0,97.0,100.0
Asian_m.0knwxrc/m.0knwxrc_0001.jpg,m.0knwxrc_0001,m.0knwxrc,non_enrolled,Asian,16,m.0knwxrc,,,,
Asian_m.0nb1vbc/m.0nb1vbc_0002.jpg,m.0nb1vbc_0002,m.0nb1vbc,non_enrolled,Asian,21,m.0nb1vbc,21.0,68.0,100.0,100.0
Asian_m.0rpftqy/m.0rpftqy_0002.jpg,m.0rpftqy_0002,m.0rpftqy,non_enrolled,Asian,48,m.0rpftqy,78.0,99.0,100.0,100.0
Asian_m.0w330cx/m.0w330cx_0001.jpg,m.0w330cx_0001,m.0w330cx,non_enrolled,Asian,39,m.0w330cx,17.0,88.0,75.0,95.0
Caucasian_m.011_2h/m.011_2h_0003.jpg,m.011_2h_0003,m.011_2h,non_enrolled,Caucasian,26,m.011_2h,65.0,79.0,100.0,100.0
Caucasian_m.012prx/m.012prx_0002.jpg,m.012prx_0002,m.012prx,non_enrolled,Caucasian,47,m.012prx,4.0,62.0,83.0,92.0
Caucasian_m.015rp8/m.015rp8_0002.jpg,m.015rp8_0002,m.015rp8,non_enrolled,Caucasian,42,m.015rp8,14.0,71.0,99.0,100.0
Caucasian_m.016hgp/m.016hgp_0002.jpg,m.016hgp_0002,m.016hgp,non_enrolled,Caucasian,72,m.016hgp,60.0,100.0,99.0,100.0
Caucasian_m.01dml6/m.01dml6_0001.jpg,m.01dml6_0001,m.01dml6,non_enrolled,Caucasian,39,m.01dml6,23.0,93.0,100.0,100.0
Caucasian_m.01g00c/m.01g00c_0001.jpg,m.01g00c_0001,m.01g00c,non_enrolled,Caucasian,32,m.01g00c,13.0,98.0,100.0,100.0
Caucasian_m.01qhmft/m.01qhmft_0001.jpg,m.01qhmft_0001,m.01qhmft,non_enrolled,Caucasian,52,m.01qhmft,45.0,69.0,100.0,100.0
Caucasian_m.021vwt/m.021vwt_0001.jpg,m.021vwt_0001,m.021vwt,non_enrolled,Caucasian,54,m.021vwt,66.0,96.0,100.0,100.0
Caucasian_m.026n0x_/m.026n0x__0001.jpg,m.026n0x__0001,m.026n0x_,non_enrolled,Caucasian,26,m.026n0x_,44.0,66.0,98.0,99.0
Caucasian_m.026w37k/m.026w37k_0001.jpg,m.026w37k_0001,m.026w37k,non_enrolled,Caucasian,24,m.026w37k,34.0,100.0,97.0,100.0
Caucasian_m.028tyf/m.028tyf_0002.jpg,m.028tyf_0002,m.028tyf,non_enrolled,Caucasian,57,m.028tyf,27.0,95.0,99.0,100.0
Caucasian_m.02hg4r/m.02hg4r_0001.jpg,m.02hg4r_0001,m.02hg4r,non_enrolled,Caucasian,31,m.02hg4r,51.0,78.0,96.0,100.0
Caucasian_m.02q77y6/m.02q77y6_0002.jpg,m.02q77y6_0002,m.02q77y6,non_enrolled,Caucasian,43,m.02q77y6,16.0,96.0,100.0,100.0
Caucasian_m.02r2pg/m.02r2pg_0001.jpg,m.02r2pg_0001,m.02r2pg,non_enrolled,Caucasian,53,m.02r2pg,27.0,100.0,96.0,100.0
Caucasian_m.02rx86/m.02rx86_0001.jpg,m.02rx86_0001,m.02rx86,non_enrolled,Caucasian,34,m.02rx86,22.0,94.0,98.0,100.0
Caucasian_m.02w20rn/m.02w20rn_0003.jpg,m.02w20rn_0003,m.02w20rn,non_enrolled,Caucasian,47,m.02w20rn,80.0,100.0,100.0,100.0
Caucasian_m.02wx53z/m.02wx53z_0001.jpg,m.02wx53z_0001,m.02wx53z,non_enrolled,Caucasian,46,m.02wx53z,31.0,100.0,100.0,100.0
Caucasian_m.02z1ff7/m.02z1ff7_0001.jpg,m.02z1ff7_0001,m.02z1ff7,non_enrolled,Caucasian,35,m.02z1ff7,19.0,58.0,99.0,100.0
Caucasian_m.037t34/m.037t34_0002.jpg,m.037t34_0002,m.037t34,non_enrolled,Caucasian,54,m.037t34,74.0,98.0,99.0,100.0
Caucasian_m.03crncf/m.03crncf_0001.jpg,m.03crncf_0001,m.03crncf,non_enrolled,Caucasian,34,m.03crncf,60.0,100.0,91.0,100.0
Caucasian_m.03hjzfd/m.03hjzfd_0001.jpg,m.03hjzfd_0001,m.03hjzfd,non_enrolled,Caucasian,24,m.03hjzfd,24.0,56.0,89.0,95.0
Caucasian_m.03k95p/m.03k95p_0003.jpg,m.03k95p_0003,m.03k95p,non_enrolled,Caucasian,46,m.03k95p,20.0,100.0,100.0,100.0
Caucasian_m.03qgk5p/m.03qgk5p_0001.jpg,m.03qgk5p_0001,m.03qgk5p,non_enrolled,Caucasian,33,m.03qgk5p,20.0,100.0,100.0,100.0
Caucasian_m.0469ym/m.0469ym_0002.jpg,m.0469ym_0002,m.0469ym,non_enrolled,Caucasian,28,m.0469ym,24.0,98.0,90.0,100.0
Caucasian_m.046k2j/m.046k2j_0001.jpg,m.046k2j_0001,m.046k2j,non_enrolled,Caucasian,48,m.046k2j,45.0,77.0,90.0,97.0
Caucasian_m.047qk72/m.047qk72_0001.jpg,m.047qk72_0001,m.047qk72,non_enrolled,Caucasian,30,m.047qk72,9.0,53.0,98.0,99.0
Caucasian_m.04wc1h/m.04wc1h_0002.jpg,m.04wc1h_0002,m.04wc1h,non_enrolled,Caucasian,43,m.04wc1h,10.0,67.0,93.0,95.0
Caucasian_m.057dz9/m.057dz9_0001.jpg,m.057dz9_0001,m.057dz9,non_enrolled,Caucasian,35,m.057dz9,24.0,97.0,100.0,100.0
Caucasian_m.05b0jw/m.05b0jw_0002.jpg,m.05b0jw_0002,m.05b0jw,non_enrolled,Caucasian,58,m.05b0jw,28.0,87.0,97.0,99.0
Caucasian_m.05bd3h/m.05bd3h_0001.jpg,m.05bd3h_0001,m.05bd3h,non_enrolled,Caucasian,49,m.05bd3h,88.0,100.0,100.0,100.0
Caucasian_m.05cgsr/m.05cgsr_0002.jpg,m.05cgsr_0002,m.05cgsr,non_enrolled,Caucasian,50,m.05cgsr,85.0,99.0,99.0,100.0
Caucasian_m.05nzzv/m.05nzzv_0002.jpg,m.05nzzv_0002,m.05nzzv,non_enrolled,Caucasian,37,m.05nzzv,18.0,51.0,92.0,95.0
Caucasian_m.05q95w1/m.05q95w1_0002.jpg,m.05q95w1_0002,m.05q95w1,non_enrolled,Caucasian,32,m.05q95w1,11.0,99.0,98.0,100.0
Caucasian_m.05vqg/m.05vqg_0003.jpg,m.05vqg_0003,m.05vqg,non_enrolled,Caucasian,40,m.05vqg,10.0,89.0,99.0,100.0
Caucasian_m.06syjf/m.06syjf_0002.jpg,m.06syjf_0002,m.06syjf,non_enrolled,Caucasian,47,m.06syjf,47.0,92.0,100.0,100.0
Caucasian_m.06_mt7/m.06_mt7_0001.jpg,m.06_mt7_0001,m.06_mt7,non_enrolled,Caucasian,44,m.06_mt7,68.0,99.0,97.0,100.0
Caucasian_m.07kd18r/m.07kd18r_0001.jpg,m.07kd18r_0001,m.07kd18r,non_enrolled,Caucasian,27,m.07kd18r,15.0,84.0,89.0,98.0
Caucasian_m.07tmj9/m.07tmj9_0001.jpg,m.07tmj9_0001,m.07tmj9,non_enrolled,Caucasian,41,m.07tmj9,47.0,63.0,94.0,99.0
Caucasian_m.07zsbv/m.07zsbv_0003.jpg,m.07zsbv_0003,m.07zsbv,non_enrolled,Caucasian,48,m.07zsbv,19.0,91.0,100.0,100.0
Caucasian_m.084qjy/m.084qjy_0003.jpg,m.084qjy_0003,m.084qjy,non_enrolled,Caucasian,40,m.084qjy,39.0,69.0,95.0,99.0
Caucasian_m.085y6t/m.085y6t_0001.jpg,m.085y6t_0001,m.085y6t,non_enrolled,Caucasian,40,m.085y6t,25.0,84.0,91.0,99.0
Caucasian_m.088qgm/m.088qgm_0002.jpg,m.088qgm_0002,m.088qgm,non_enrolled,Caucasian,24,m.088qgm,4.0,100.0,100.0,100.0
Caucasian_m.089hgp/m.089hgp_0001.jpg,m.089hgp_0001,m.089hgp,non_enrolled,Caucasian,46,m.089hgp,10.0,95.0,98.0,100.0
Caucasian_m.09jfhz/m.09jfhz_0002.jpg,m.09jfhz_0002,m.09jfhz,non_enrolled,Caucasian,59,m.09jfhz,60.0,100.0,99.0,100.0
Caucasian_m.09r1n7/m.09r1n7_0002.jpg,m.09r1n7_0002,m.09r1n7,non_enrolled,Caucasian,20,m.09r1n7,57.0,100.0,95.0,100.0
Caucasian_m.0b8_2v/m.0b8_2v_0001.jpg,m.0b8_2v_0001,m.0b8_2v,non_enrolled,Caucasian,40,m.0b8_2v,20.0,98.0,90.0,100.0
Caucasian_m.0brpvb/m.0brpvb_0001.jpg,m.0brpvb_0001,m.0brpvb,non_enrolled,Caucasian,40,m.0brpvb,15.0,54.0,83.0,95.0
Caucasian_m.0bzjb4/m.0bzjb4_0001.jpg,m.0bzjb4_0001,m.0bzjb4,non_enrolled,Caucasian,57,m.0bzjb4,44.0,100.0,97.0,100.0
Caucasian_m.0cgx_p/m.0cgx_p_0002.jpg,m.0cgx_p_0002,m.0cgx_p,non_enrolled,Caucasian,49,m.0cgx_p,10.0,81.0,97.0,99.0
Caucasian_m.0czc050/m.0czc050_0001.jpg,m.0czc050_0001,m.0czc050,non_enrolled,Caucasian,49,m.0czc050,29.0,47.0,100.0,100.0
Caucasian_m.0czgtb/m.0czgtb_0002.jpg,m.0czgtb_0002,m.0czgtb,non_enrolled,Caucasian,38,m.0czgtb,33.0,94.0,94.0,100.0
Caucasian_m.0dg0v6/m.0dg0v6_0001.jpg,m.0dg0v6_0001,m.0dg0v6,non_enrolled,Caucasian,55,m.0dg0v6,83.0,96.0,100.0,100.0
Caucasian_m.0f3zf_/m.0f3zf__0001.jpg,m.0f3zf__0001,m.0f3zf_,non_enrolled,Caucasian,54,m.0f3zf_,34.0,91.0,98.0,100.0
Caucasian_m.0fn3yj/m.0fn3yj_0002.jpg,m.0fn3yj_0002,m.0fn3yj,non_enrolled,Caucasian,18,m.0fn3yj,,,,
Caucasian_m.0gfhlzg/m.0gfhlzg_0001.jpg,m.0gfhlzg_0001,m.0gfhlzg,non_enrolled,Caucasian,30,m.0gfhlzg,12.0,70.0,87.0,98.0
Caucasian_m.0gv2zl/m.0gv2zl_0003.jpg,m.0gv2zl_0003,m.0gv2zl,non_enrolled,Caucasian,24,m.0gv2zl,46.0,58.0,84.0,95.0
Caucasian_m.0gyt6gp/m.0gyt6gp_0001.jpg,m.0gyt6gp_0001,m.0gyt6gp,non_enrolled,Caucasian,26,m.0gyt6gp,77.0,97.0,99.0,100.0
Caucasian_m.0h5m26/m.0h5m26_0002.jpg,m.0h5m26_0002,m.0h5m26,non_enrolled,Caucasian,40,m.0h5m26,61.0,100.0,94.0,100.0
Caucasian_m.0kg1zcd/m.0kg1zcd_0002.jpg,m.0kg1zcd_0002,m.0kg1zcd,non_enrolled,Caucasian,21,m.0kg1zcd,8.0,58.0,77.0,89.0
Caucasian_m.0rfdr0b/m.0rfdr0b_0001.jpg,m.0rfdr0b_0001,m.0rfdr0b,non_enrolled,Caucasian,18,m.0rfdr0b,,,,
Indian_m.018fkc/m.018fkc_0002.jpg,m.018fkc_0002,m.018fkc,non_enrolled,Indian,56,m.018fkc,8.0,27.0,92.0,94.0
Indian_m.019fxc/m.019fxc_0002.jpg,m.019fxc_0002,m.019fxc,non_enrolled,Indian,51,m.019fxc,30.0,96.0,95.0,100.0
Indian_m.01mbzfm/m.01mbzfm_0002.jpg,m.01mbzfm_0002,m.01mbzfm,non_enrolled,Indian,43,m.01mbzfm,15.0,96.0,99.0,100.0
Indian_m.01r507s/m.01r507s_0001.jpg,m.01r507s_0001,m.01r507s,non_enrolled,Indian,38,m.01r507s,31.0,98.0,99.0,99.0
Indian_m.01t23c/m.01t23c_0002.jpg,m.01t23c_0002,m.01t23c,non_enrolled,Indian,46,m.01t23c,34.0,76.0,99.0,100.0
Indian_m.01vb5r/m.01vb5r_0002.jpg,m.01vb5r_0002,m.01vb5r,non_enrolled,Indian,55,m.01vb5r,72.0,94.0,98.0,100.0
Indian_m.01x9_q/m.01x9_q_0001.jpg,m.01x9_q_0001,m.01x9_q,non_enrolled,Indian,48,m.01x9_q,87.0,100.0,100.0,100.0
Indian_m.0274j4z/m.0274j4z_0001.jpg,m.0274j4z_0001,m.0274j4z,non_enrolled,Indian,33,m.0274j4z,26.0,98.0,100.0,100.0
Indian_m.027ztj2/m.027ztj2_0001.jpg,m.027ztj2_0001,m.027ztj2,non_enrolled,Indian,22,m.027ztj2,74.0,100.0,100.0,100.0
Indian_m.0283qpc/m.0283qpc_0001.jpg,m.0283qpc_0001,m.0283qpc,non_enrolled,Indian,54,m.0283qpc,50.0,73.0,99.0,99.0
Indian_m.02dh5d/m.02dh5d_0002.jpg,m.02dh5d_0002,m.02dh5d,non_enrolled,Indian,74,m.02dh5d,55.0,100.0,98.0,100.0
Indian_m.02pxq_s/m.02pxq_s_0002.jpg,m.02pxq_s_0002,m.02pxq_s,non_enrolled,Indian,36,m.02pxq_s,58.0,86.0,100.0,100.0
Indian_m.02q97xt/m.02q97xt_0002.jpg,m.02q97xt_0002,m.02q97xt,non_enrolled,Indian,53,m.02q97xt,85.0,91.0,99.0,100.0
Indian_m.02qhg7v/m.02qhg7v_0002.jpg,m.02qhg7v_0002,m.02qhg7v,non_enrolled,Indian,41,m.02qhg7v,36.0,74.0,100.0,100.0
Indian_m.02xfrd/m.02xfrd_0001.jpg,m.02xfrd_0001,m.02xfrd,non_enrolled,Indian,45,m.02xfrd,77.0,100.0,100.0,100.0
Indian_m.02_11j/m.02_11j_0001.jpg,m.02_11j_0001,m.02_11j,non_enrolled,Indian,53,m.02_11j,30.0,100.0,100.0,100.0
Indian_m.03c6hwt/m.03c6hwt_0002.jpg,m.03c6hwt_0002,m.03c6hwt,non_enrolled,Indian,61,m.03c6hwt,86.0,99.0,100.0,100.0
Indian_m.03d6wsd/m.03d6wsd_0002.jpg,m.03d6wsd_0002,m.03d6wsd,non_enrolled,Indian,50,m.03d6wsd,23.0,97.0,100.0,100.0
Indian_m.03n192/m.03n192_0001.jpg,m.03n192_0001,m.03n192,non_enrolled,Indian,26,m.03n192,36.0,98.0,100.0,100.0
Indian_m.03nr1ky/m.03nr1ky_0001.jpg,m.03nr1ky_0001,m.03nr1ky,non_enrolled,Indian,30,m.03nr1ky,30.0,100.0,96.0,100.0
Indian_m.03nwyvw/m.03nwyvw_0001.jpg,m.03nwyvw_0001,m.03nwyvw,non_enrolled,Indian,44,m.03nwyvw,64.0,63.0,94.0,98.0
Indian_m.03wf59s/m.03wf59s_0002.jpg,m.03wf59s_0002,m.03wf59s,non_enrolled,Indian,37,m.03wf59s,61.0,99.0,100.0,100.0
Indian_m.03y_np/m.03y_np_0002.jpg,m.03y_np_0002,m.03y_np,non_enrolled,Indian,52,m.03y_np,68.0,96.0,87.0,100.0
Indian_m.03z_g7/m.03z_g7_0001.jpg,m.03z_g7_0001,m.03z_g7,non_enrolled,Indian,51,m.03z_g7,93.0,98.0,100.0,100.0
Indian_m.03z_gl/m.03z_gl_0001.jpg,m.03z_gl_0001,m.03z_gl,non_enrolled,Indian,31,m.03z_gl,17.0,92.0,100.0,100.0
Indian_m.042wl3/m.042wl3_0001.jpg,m.042wl3_0001,m.042wl3,non_enrolled,Indian,61,m.042wl3,38.0,97.0,99.0,100.0
Indian_m.043s1q/m.043s1q_0001.jpg,m.043s1q_0001,m.043s1q,non_enrolled,Indian,52,m.043s1q,75.0,100.0,100.0,100.0
Indian_m.049z24/m.049z24_0002.jpg,m.049z24_0002,m.049z24,non_enrolled,Indian,39,m.049z24,14.0,96.0,92.0,99.0
Indian_m.04hc88/m.04hc88_0002.jpg,m.04hc88_0002,m.04hc88,non_enrolled,Indian,76,m.04hc88,44.0,100.0,100.0,100.0
Indian_m.04rs6k/m.04rs6k_0001.jpg,m.04rs6k_0001,m.04rs6k,non_enrolled,Indian,35,m.04rs6k,37.0,99.0,94.0,100.0
Indian_m.04zw40t/m.04zw40t_0001.jpg,m.04zw40t_0001,m.04zw40t,non_enrolled,Indian,23,m.04zw40t,54.0,97.0,97.0,100.0
Indian_m.0515p2/m.0515p2_0004.jpg,m.0515p2_0004,m.0515p2,non_enrolled,Indian,42,m.0515p2,80.0,100.0,97.0,100.0
Indian_m.0523j0d/m.0523j0d_0001.jpg,m.0523j0d_0001,m.0523j0d,non_enrolled,Indian,52,m.0523j0d,82.0,97.0,99.0,100.0
Indian_m.05b5fqc/m.05b5fqc_0002.jpg,m.05b5fqc_0002,m.05b5fqc,non_enrolled,Indian,38,m.05b5fqc,13.0,88.0,100.0,100.0
Indian_m.05c19t5/m.05c19t5_0002.jpg,m.05c19t5_0002,m.05c19t5,non_enrolled,Indian,32,m.05c19t5,53.0,96.0,94.0,100.0
Indian_m.05m5nj/m.05m5nj_0002.jpg,m.05m5nj_0002,m.05m5nj,non_enrolled,Indian,37,m.05m5nj,47.0,100.0,100.0,100.0
Indian_m.05mqqhg/m.05mqqhg_0002.jpg,m.05mqqhg_0002,m.05mqqhg,non_enrolled,Indian,29,m.05mqqhg,24.0,92.0,94.0,98.0
Indian_m.05mz553/m.05mz553_0002.jpg,m.05mz553_0002,m.05mz553,non_enrolled,Indian,25,m.05mz553,23.0,52.0,99.0,100.0
Indian_m.05zqvb4/m.05zqvb4_0001.jpg,m.05zqvb4_0001,m.05zqvb4,non_enrolled,Indian,23,m.05zqvb4,56.0,90.0,82.0,98.0
Indian_m.0667ct/m.0667ct_0002.jpg,m.0667ct_0002,m.0667ct,non_enrolled,Indian,68,m.0667ct,65.0,80.0,100.0,100.0
Indian_m.06znml3/m.06znml3_0001.jpg,m.06znml3_0001,m.06znml3,non_enrolled,Indian,30,m.06znml3,86.0,99.0,99.0,100.0
Indian_m.071vxh/m.071vxh_0002.jpg,m.071vxh_0002,m.071vxh,non_enrolled,Indian,42,m.071vxh,41.0,99.0,99.0,100.0
Indian_m.07z6vp/m.07z6vp_0002.jpg,m.07z6vp_0002,m.07z6vp,non_enrolled,Indian,34,m.07z6vp,16.0,96.0,99.0,100.0
Indian_m.086lpw/m.086lpw_0002.jpg,m.086lpw_0002,m.086lpw,non_enrolled,Indian,27,m.086lpw,41.0,79.0,98.0,100.0
Indian_m.08t7tw/m.08t7tw_0001.jpg,m.08t7tw_0001,m.08t7tw,non_enrolled,Indian,38,m.08t7tw,21.0,93.0,99.0,100.0
Indian_m.09cknn/m.09cknn_0003.jpg,m.09cknn_0003,m.09cknn,non_enrolled,Indian,42,m.09cknn,75.0,97.0,100.0,100.0
Indian_m.09g6j79/m.09g6j79_0002.jpg,m.09g6j79_0002,m.09g6j79,non_enrolled,Indian,28,m.09g6j79,78.0,96.0,99.0,100.0
Indian_m.09g6nzh/m.09g6nzh_0003.jpg,m.09g6nzh_0003,m.09g6nzh,non_enrolled,Indian,34,m.09g6nzh,34.0,96.0,90.0,100.0
Indian_m.09k62cz/m.09k62cz_0002.jpg,m.09k62cz_0002,m.09k62cz,non_enrolled,Indian,39,m.09k62cz,12.0,64.0,100.0,100.0
Indian_m.09sp8x/m.09sp8x_0001.jpg,m.09sp8x_0001,m.09sp8x,non_enrolled,Indian,37,m.09sp8x,30.0,95.0,100.0,100.0
Indian_m.09v7wnt/m.09v7wnt_0002.jpg,m.09v7wnt_0002,m.09v7wnt,non_enrolled,Indian,35,m.09v7wnt,46.0,99.0,98.0,100.0
Indian_m.09zf1p/m.09zf1p_0001.jpg,m.09zf1p_0001,m.09zf1p,non_enrolled,Indian,53,m.09zf1p,70.0,100.0,99.0,100.0
Indian_m.09__7j/m.09__7j_0001.jpg,m.09__7j_0001,m.09__7j,non_enrolled,Indian,50,m.09__7j,5.0,93.0,99.0,100.0
Indian_m.0b6m063/m.0b6m063_0002.jpg,m.0b6m063_0002,m.0b6m063,non_enrolled,Indian,36,m.0b6m063,68.0,96.0,100.0,100.0
Indian_m.0b80cl/m.0b80cl_0002.jpg,m.0b80cl_0002,m.0b80cl,non_enrolled,Indian,49,m.0b80cl,8.0,97.0,96.0,100.0
Indian_m.0bbzxjf/m.0bbzxjf_0001.jpg,m.0bbzxjf_0001,m.0bbzxjf,non_enrolled,Indian,28,m.0bbzxjf,41.0,99.0,94.0,100.0
Indian_m.0bc2pk/m.0bc2pk_0002.jpg,m.0bc2pk_0002,m.0bc2pk,non_enrolled,Indian,66,m.0bc2pk,45.0,93.0,99.0,100.0
Indian_m.0br_0hp/m.0br_0hp_0002.jpg,m.0br_0hp_0002,m.0br_0hp,non_enrolled,Indian,23,m.0br_0hp,89.0,100.0,99.0,100.0
Indian_m.0byffn/m.0byffn_0001.jpg,m.0byffn_0001,m.0byffn,non_enrolled,Indian,37,m.0byffn,48.0,100.0,97.0,100.0
Indian_m.0c033h7/m.0c033h7_0001.jpg,m.0c033h7_0001,m.0c033h7,non_enrolled,Indian,24,m.0c033h7,33.0,100.0,98.0,100.0
Indian_m.0c96fs/m.0c96fs_0002.jpg,m.0c96fs_0002,m.0c96fs,non_enrolled,Indian,54,m.0c96fs,55.0,99.0,97.0,100.0
Indian_m.0c9st_/m.0c9st__0003.jpg,m.0c9st__0003,m.0c9st_,non_enrolled,Indian,26,m.0c9st_,26.0,100.0,98.0,100.0
Indian_m.0chb6w/m.0chb6w_0001.jpg,m.0chb6w_0001,m.0chb6w,non_enrolled,Indian,46,m.0chb6w,33.0,97.0,84.0,99.0
Indian_m.0cpx9k/m.0cpx9k_0001.jpg,m.0cpx9k_0001,m.0cpx9k,non_enrolled,Indian,48,m.0cpx9k,13.0,40.0,97.0,99.0
Indian_m.0d9sqt/m.0d9sqt_0003.jpg,m.0d9sqt_0003,m.0d9sqt,non_enrolled,Indian,75,m.0d9sqt,51.0,100.0,99.0,100.0
Indian_m.0dd9r6w/m.0dd9r6w_0001.jpg,m.0dd9r6w_0001,m.0dd9r6w,non_enrolled,Indian,34,m.0dd9r6w,47.0,88.0,91.0,99.0
Indian_m.0dgn58t/m.0dgn58t_0002.jpg,m.0dgn58t_0002,m.0dgn58t,non_enrolled,Indian,27,m.0dgn58t,23.0,68.0,84.0,93.0
Indian_m.0dlmq00/m.0dlmq00_0003.jpg,m.0dlmq00_0003,m.0dlmq00,non_enrolled,Indian,37,m.0dlmq00,60.0,98.0,99.0,100.0
Indian_m.0ds7pr5/m.0ds7pr5_0001.jpg,m.0ds7pr5_0001,m.0ds7pr5,non_enrolled,Indian,38,m.0ds7pr5,82.0,95.0,93.0,100.0
Indian_m.0frcdw/m.0frcdw_0004.jpg,m.0frcdw_0004,m.0frcdw,non_enrolled,Indian,49,m.0frcdw,53.0,92.0,100.0,100.0
Indian_m.0g3ls/m.0g3ls_0002.jpg,m.0g3ls_0002,m.0g3ls,non_enrolled,Indian,43,m.0g3ls,18.0,99.0,100.0,100.0
Indian_m.0gbz836/m.0gbz836_0002.jpg,m.0gbz836_0002,m.0gbz836,non_enrolled,Indian,38,m.0gbz836,16.0,100.0,100.0,100.0
Indian_m.0gbz836/m.0gbz836_0002.jpg,m.0gbz836_0002,m.0gbz836,non_enrolled,Indian,44,m.0gbz836,16.0,100.0,100.0,100.0
Indian_m.0gc8nv2/m.0gc8nv2_0002.jpg,m.0gc8nv2_0002,m.0gc8nv2,non_enrolled,Indian,26,m.0gc8nv2,33.0,100.0,99.0,100.0
Indian_m.0gchc3g/m.0gchc3g_0002.jpg,m.0gchc3g_0002,m.0gchc3g,non_enrolled,Indian,34,m.0gchc3g,32.0,92.0,100.0,100.0
Indian_m.0gcv8t/m.0gcv8t_0002.jpg,m.0gcv8t_0002,m.0gcv8t,non_enrolled,Indian,25,m.0gcv8t,58.0,96.0,96.0,100.0
Indian_m.0gx19y9/m.0gx19y9_0001.jpg,m.0gx19y9_0001,m.0gx19y9,non_enrolled,Indian,23,m.0gx19y9,55.0,88.0,95.0,100.0
Indian_m.0gyvg5/m.0gyvg5_0002.jpg,m.0gyvg5_0002,m.0gyvg5,non_enrolled,Indian,55,m.0gyvg5,8.0,97.0,96.0,100.0
Indian_m.0h3vyzy/m.0h3vyzy_0002.jpg,m.0h3vyzy_0002,m.0h3vyzy,non_enrolled,Indian,31,m.0h3vyzy,51.0,70.0,99.0,100.0
Indian_m.0h71c44/m.0h71c44_0001.jpg,m.0h71c44_0001,m.0h71c44,non_enrolled,Indian,43,m.0h71c44,58.0,97.0,100.0,100.0
Indian_m.0hgqsb_/m.0hgqsb__0001.jpg,m.0hgqsb__0001,m.0hgqsb_,non_enrolled,Indian,50,m.0hgqsb_,70.0,100.0,99.0,100.0
Indian_m.0h_d32_/m.0h_d32__0002.jpg,m.0h_d32__0002,m.0h_d32_,non_enrolled,Indian,25,m.0h_d32_,40.0,72.0,88.0,97.0
Indian_m.0j43qzd/m.0j43qzd_0001.jpg,m.0j43qzd_0001,m.0j43qzd,non_enrolled,Indian,34,m.0j43qzd,70.0,99.0,100.0,100.0
Indian_m.0j49qzy/m.0j49qzy_0001.jpg,m.0j49qzy_0001,m.0j49qzy,non_enrolled,Indian,36,m.0j49qzy,3.0,48.0,81.0,92.0
Indian_m.0jbc3/m.0jbc3_0002.jpg,m.0jbc3_0002,m.0jbc3,non_enrolled,Indian,43,m.0jbc3,58.0,99.0,95.0,100.0
Indian_m.0jkv_y7/m.0jkv_y7_0002.jpg,m.0jkv_y7_0002,m.0jkv_y7,non_enrolled,Indian,25,m.0jkv_y7,16.0,27.0,87.0,93.0
Indian_m.0j_9xt/m.0j_9xt_0001.jpg,m.0j_9xt_0001,m.0j_9xt,non_enrolled,Indian,49,m.0j_9xt,22.0,100.0,100.0,100.0
Indian_m.0k_lgy/m.0k_lgy_0001.jpg,m.0k_lgy_0001,m.0k_lgy,non_enrolled,Indian,34,m.0k_lgy,45.0,99.0,94.0,100.0
