files_list,image_name,identity_name,enrolled,ethnicity,Age,Identity,UnifiedQualityScore.scalar
African_m.01jq08_/m.01jq08__0002.jpg,m.01jq08__0002,m.01jq08_,non_enrolled,African,38,m.01jq08_,
African_m.01jr5w/m.01jr5w_0003.jpg,m.01jr5w_0003,m.01jr5w,non_enrolled,African,25,m.01jr5w,
African_m.01l_04j/m.01l_04j_0001.jpg,m.01l_04j_0001,m.01l_04j,non_enrolled,African,42,m.01l_04j,
African_m.01ng51t/m.01ng51t_0001.jpg,m.01ng51t_0001,m.01ng51t,non_enrolled,African,47,m.01ng51t,
African_m.01nk6j7/m.01nk6j7_0003.jpg,m.01nk6j7_0003,m.01nk6j7,non_enrolled,African,40,m.01nk6j7,
African_m.01ntrr3/m.01ntrr3_0001.jpg,m.01ntrr3_0001,m.01ntrr3,non_enrolled,African,43,m.01ntrr3,
African_m.01q5qp8/m.01q5qp8_0001.jpg,m.01q5qp8_0001,m.01q5qp8,non_enrolled,African,35,m.01q5qp8,
African_m.01vsmzh/m.01vsmzh_0001.jpg,m.01vsmzh_0001,m.01vsmzh,non_enrolled,African,33,m.01vsmzh,
African_m.01v_3zf/m.01v_3zf_0001.jpg,m.01v_3zf_0001,m.01v_3zf,non_enrolled,African,45,m.01v_3zf,
African_m.01wqxdq/m.01wqxdq_0002.jpg,m.01wqxdq_0002,m.01wqxdq,non_enrolled,African,38,m.01wqxdq,
African_m.020cgm/m.020cgm_0001.jpg,m.020cgm_0001,m.020cgm,non_enrolled,African,29,m.020cgm,
African_m.022gr6/m.022gr6_0001.jpg,m.022gr6_0001,m.022gr6,non_enrolled,African,40,m.022gr6,
African_m.026f4b4/m.026f4b4_0002.jpg,m.026f4b4_0002,m.026f4b4,non_enrolled,African,27,m.026f4b4,
African_m.026fkt/m.026fkt_0001.jpg,m.026fkt_0001,m.026fkt,non_enrolled,African,43,m.026fkt,
African_m.0273qwz/m.0273qwz_0004.jpg,m.0273qwz_0004,m.0273qwz,non_enrolled,African,28,m.0273qwz,
African_m.02lvvf/m.02lvvf_0002.jpg,m.02lvvf_0002,m.02lvvf,non_enrolled,African,38,m.02lvvf,
African_m.02pqvk3/m.02pqvk3_0001.jpg,m.02pqvk3_0001,m.02pqvk3,non_enrolled,African,29,m.02pqvk3,
African_m.02q26w2/m.02q26w2_0002.jpg,m.02q26w2_0002,m.02q26w2,non_enrolled,African,33,m.02q26w2,
African_m.02qlvxk/m.02qlvxk_0002.jpg,m.02qlvxk_0002,m.02qlvxk,non_enrolled,African,24,m.02qlvxk,
African_m.02qvq8h/m.02qvq8h_0002.jpg,m.02qvq8h_0002,m.02qvq8h,non_enrolled,African,24,m.02qvq8h,
African_m.02rpwm7/m.02rpwm7_0002.jpg,m.02rpwm7_0002,m.02rpwm7,non_enrolled,African,36,m.02rpwm7,
African_m.02rxpxn/m.02rxpxn_0002.jpg,m.02rxpxn_0002,m.02rxpxn,non_enrolled,African,26,m.02rxpxn,
African_m.02ry6y4/m.02ry6y4_0001.jpg,m.02ry6y4_0001,m.02ry6y4,non_enrolled,African,24,m.02ry6y4,
African_m.02tyzl/m.02tyzl_0002.jpg,m.02tyzl_0002,m.02tyzl,non_enrolled,African,35,m.02tyzl,
African_m.02vvw9r/m.02vvw9r_0003.jpg,m.02vvw9r_0003,m.02vvw9r,non_enrolled,African,27,m.02vvw9r,
African_m.02wwjtp/m.02wwjtp_0002.jpg,m.02wwjtp_0002,m.02wwjtp,non_enrolled,African,24,m.02wwjtp,
African_m.02z0hh/m.02z0hh_0004.jpg,m.02z0hh_0004,m.02z0hh,non_enrolled,African,39,m.02z0hh,
African_m.02zbm26/m.02zbm26_0003.jpg,m.02zbm26_0003,m.02zbm26,non_enrolled,African,25,m.02zbm26,
African_m.03by2wy/m.03by2wy_0004.jpg,m.03by2wy_0004,m.03by2wy,non_enrolled,African,22,m.03by2wy,
African_m.03c0jkp/m.03c0jkp_0001.jpg,m.03c0jkp_0001,m.03c0jkp,non_enrolled,African,27,m.03c0jkp,
African_m.03cd7cg/m.03cd7cg_0001.jpg,m.03cd7cg_0001,m.03cd7cg,non_enrolled,African,51,m.03cd7cg,
African_m.03gs570/m.03gs570_0003.jpg,m.03gs570_0003,m.03gs570,non_enrolled,African,22,m.03gs570,
African_m.03mtrl/m.03mtrl_0002.jpg,m.03mtrl_0002,m.03mtrl,non_enrolled,African,31,m.03mtrl,
African_m.03nlm_/m.03nlm__0001.jpg,m.03nlm__0001,m.03nlm_,non_enrolled,African,21,m.03nlm_,
African_m.03rh7_/m.03rh7__0003.jpg,m.03rh7__0003,m.03rh7_,non_enrolled,African,40,m.03rh7_,
African_m.03rlk0/m.03rlk0_0003.jpg,m.03rlk0_0003,m.03rlk0,non_enrolled,African,46,m.03rlk0,
African_m.03xmw5p/m.03xmw5p_0001.jpg,m.03xmw5p_0001,m.03xmw5p,non_enrolled,African,43,m.03xmw5p,
African_m.03xp8dq/m.03xp8dq_0002.jpg,m.03xp8dq_0002,m.03xp8dq,non_enrolled,African,28,m.03xp8dq,
African_m.04074lf/m.04074lf_0002.jpg,m.04074lf_0002,m.04074lf,non_enrolled,African,21,m.04074lf,
African_m.040dvn/m.040dvn_0002.jpg,m.040dvn_0002,m.040dvn,non_enrolled,African,22,m.040dvn,
African_m.047x7q/m.047x7q_0002.jpg,m.047x7q_0002,m.047x7q,non_enrolled,African,37,m.047x7q,
African_m.0490qc/m.0490qc_0002.jpg,m.0490qc_0002,m.0490qc,non_enrolled,African,24,m.0490qc,
African_m.04d_b8t/m.04d_b8t_0004.jpg,m.04d_b8t_0004,m.04d_b8t,non_enrolled,African,19,m.04d_b8t,
African_m.04gqx5q/m.04gqx5q_0002.jpg,m.04gqx5q_0002,m.04gqx5q,non_enrolled,African,20,m.04gqx5q,
African_m.04jk_jl/m.04jk_jl_0002.jpg,m.04jk_jl_0002,m.04jk_jl,non_enrolled,African,29,m.04jk_jl,
African_m.04jmv1s/m.04jmv1s_0002.jpg,m.04jmv1s_0002,m.04jmv1s,non_enrolled,African,39,m.04jmv1s,
African_m.04qmlm/m.04qmlm_0002.jpg,m.04qmlm_0002,m.04qmlm,non_enrolled,African,34,m.04qmlm,
African_m.04r_75/m.04r_75_0001.jpg,m.04r_75_0001,m.04r_75,non_enrolled,African,31,m.04r_75,
African_m.04y7mty/m.04y7mty_0002.jpg,m.04y7mty_0002,m.04y7mty,non_enrolled,African,24,m.04y7mty,
African_m.051jw_/m.051jw__0002.jpg,m.051jw__0002,m.051jw_,non_enrolled,African,34,m.051jw_,
African_m.055mxp/m.055mxp_0002.jpg,m.055mxp_0002,m.055mxp,non_enrolled,African,22,m.055mxp,
African_m.05df16/m.05df16_0001.jpg,m.05df16_0001,m.05df16,non_enrolled,African,25,m.05df16,
African_m.05g9k8/m.05g9k8_0003.jpg,m.05g9k8_0003,m.05g9k8,non_enrolled,African,42,m.05g9k8,
African_m.05whkt/m.05whkt_0001.jpg,m.05whkt_0001,m.05whkt,non_enrolled,African,23,m.05whkt,
African_m.05yj_q/m.05yj_q_0002.jpg,m.05yj_q_0002,m.05yj_q,non_enrolled,African,32,m.05yj_q,
African_m.05zl3c/m.05zl3c_0003.jpg,m.05zl3c_0003,m.05zl3c,non_enrolled,African,22,m.05zl3c,
African_m.05zyz_6/m.05zyz_6_0002.jpg,m.05zyz_6_0002,m.05zyz_6,non_enrolled,African,28,m.05zyz_6,
African_m.05zz1v/m.05zz1v_0002.jpg,m.05zz1v_0002,m.05zz1v,non_enrolled,African,52,m.05zz1v,
African_m.06dk8n/m.06dk8n_0002.jpg,m.06dk8n_0002,m.06dk8n,non_enrolled,African,28,m.06dk8n,
African_m.06g79w/m.06g79w_0001.jpg,m.06g79w_0001,m.06g79w,non_enrolled,African,25,m.06g79w,
African_m.06p_8l/m.06p_8l_0001.jpg,m.06p_8l_0001,m.06p_8l,non_enrolled,African,42,m.06p_8l,
African_m.06s27s/m.06s27s_0003.jpg,m.06s27s_0003,m.06s27s,non_enrolled,African,40,m.06s27s,
African_m.06w7txd/m.06w7txd_0002.jpg,m.06w7txd_0002,m.06w7txd,non_enrolled,African,28,m.06w7txd,
African_m.06x8v3/m.06x8v3_0001.jpg,m.06x8v3_0001,m.06x8v3,non_enrolled,African,31,m.06x8v3,
African_m.07kd5wh/m.07kd5wh_0001.jpg,m.07kd5wh_0001,m.07kd5wh,non_enrolled,African,24,m.07kd5wh,
African_m.07wmvk/m.07wmvk_0002.jpg,m.07wmvk_0002,m.07wmvk,non_enrolled,African,37,m.07wmvk,
African_m.07xcvw/m.07xcvw_0002.jpg,m.07xcvw_0002,m.07xcvw,non_enrolled,African,25,m.07xcvw,
African_m.089lfc/m.089lfc_0002.jpg,m.089lfc_0002,m.089lfc,non_enrolled,African,39,m.089lfc,
African_m.08zzv9/m.08zzv9_0001.jpg,m.08zzv9_0001,m.08zzv9,non_enrolled,African,33,m.08zzv9,
African_m.09gkv7f/m.09gkv7f_0001.jpg,m.09gkv7f_0001,m.09gkv7f,non_enrolled,African,24,m.09gkv7f,
African_m.09gp6y8/m.09gp6y8_0001.jpg,m.09gp6y8_0001,m.09gp6y8,non_enrolled,African,23,m.09gp6y8,
African_m.09jfqc/m.09jfqc_0002.jpg,m.09jfqc_0002,m.09jfqc,non_enrolled,African,43,m.09jfqc,
African_m.09rx3h0/m.09rx3h0_0002.jpg,m.09rx3h0_0002,m.09rx3h0,non_enrolled,African,33,m.09rx3h0,
African_m.0bpbxd/m.0bpbxd_0001.jpg,m.0bpbxd_0001,m.0bpbxd,non_enrolled,African,32,m.0bpbxd,
African_m.0bw2x2/m.0bw2x2_0002.jpg,m.0bw2x2_0002,m.0bw2x2,non_enrolled,African,31,m.0bw2x2,
African_m.0c3tzh5/m.0c3tzh5_0002.jpg,m.0c3tzh5_0002,m.0c3tzh5,non_enrolled,African,25,m.0c3tzh5,
African_m.0c7fm1/m.0c7fm1_0002.jpg,m.0c7fm1_0002,m.0c7fm1,non_enrolled,African,20,m.0c7fm1,
African_m.0ckv_m/m.0ckv_m_0004.jpg,m.0ckv_m_0004,m.0ckv_m,non_enrolled,African,23,m.0ckv_m,
African_m.0cwzqs/m.0cwzqs_0003.jpg,m.0cwzqs_0003,m.0cwzqs,non_enrolled,African,28,m.0cwzqs,
African_m.0d76zk/m.0d76zk_0002.jpg,m.0d76zk_0002,m.0d76zk,non_enrolled,African,26,m.0d76zk,
African_m.0df425/m.0df425_0001.jpg,m.0df425_0001,m.0df425,non_enrolled,African,26,m.0df425,
African_m.0df4rv/m.0df4rv_0002.jpg,m.0df4rv_0002,m.0df4rv,non_enrolled,African,35,m.0df4rv,
African_m.0dgkq4/m.0dgkq4_0002.jpg,m.0dgkq4_0002,m.0dgkq4,non_enrolled,African,35,m.0dgkq4,
African_m.0djj4b/m.0djj4b_0003.jpg,m.0djj4b_0003,m.0djj4b,non_enrolled,African,20,m.0djj4b,
African_m.0dnj2hd/m.0dnj2hd_0002.jpg,m.0dnj2hd_0002,m.0dnj2hd,non_enrolled,African,38,m.0dnj2hd,
African_m.0dsmy3/m.0dsmy3_0002.jpg,m.0dsmy3_0002,m.0dsmy3,non_enrolled,African,34,m.0dsmy3,
African_m.0f9rj_/m.0f9rj__0001.jpg,m.0f9rj__0001,m.0f9rj_,non_enrolled,African,32,m.0f9rj_,
African_m.0fb0sp/m.0fb0sp_0002.jpg,m.0fb0sp_0002,m.0fb0sp,non_enrolled,African,25,m.0fb0sp,
African_m.0fdctd/m.0fdctd_0003.jpg,m.0fdctd_0003,m.0fdctd,non_enrolled,African,44,m.0fdctd,
African_m.0fpy1b/m.0fpy1b_0003.jpg,m.0fpy1b_0003,m.0fpy1b,non_enrolled,African,21,m.0fpy1b,
African_m.0fqs3n/m.0fqs3n_0002.jpg,m.0fqs3n_0002,m.0fqs3n,non_enrolled,African,23,m.0fqs3n,
African_m.0fvszq/m.0fvszq_0001.jpg,m.0fvszq_0001,m.0fvszq,non_enrolled,African,26,m.0fvszq,
African_m.0fw3k1/m.0fw3k1_0001.jpg,m.0fw3k1_0001,m.0fw3k1,non_enrolled,African,27,m.0fw3k1,
African_m.0g1y3z/m.0g1y3z_0001.jpg,m.0g1y3z_0001,m.0g1y3z,non_enrolled,African,20,m.0g1y3z,
African_m.0g5rhz0/m.0g5rhz0_0002.jpg,m.0g5rhz0_0002,m.0g5rhz0,non_enrolled,African,24,m.0g5rhz0,
African_m.0gfd1h7/m.0gfd1h7_0001.jpg,m.0gfd1h7_0001,m.0gfd1h7,non_enrolled,African,26,m.0gfd1h7,
African_m.0gg6zmj/m.0gg6zmj_0004.jpg,m.0gg6zmj_0004,m.0gg6zmj,non_enrolled,African,32,m.0gg6zmj,
African_m.0gh7s6s/m.0gh7s6s_0003.jpg,m.0gh7s6s_0003,m.0gh7s6s,non_enrolled,African,22,m.0gh7s6s,
African_m.0glr4p2/m.0glr4p2_0001.jpg,m.0glr4p2_0001,m.0glr4p2,non_enrolled,African,26,m.0glr4p2,
African_m.0gtxrss/m.0gtxrss_0001.jpg,m.0gtxrss_0001,m.0gtxrss,non_enrolled,African,24,m.0gtxrss,
African_m.0gvr8h/m.0gvr8h_0003.jpg,m.0gvr8h_0003,m.0gvr8h,non_enrolled,African,41,m.0gvr8h,
African_m.0hgld5j/m.0hgld5j_0002.jpg,m.0hgld5j_0002,m.0hgld5j,non_enrolled,African,25,m.0hgld5j,
African_m.0hr6y10/m.0hr6y10_0002.jpg,m.0hr6y10_0002,m.0hr6y10,non_enrolled,African,22,m.0hr6y10,
African_m.0h_dcvm/m.0h_dcvm_0001.jpg,m.0h_dcvm_0001,m.0h_dcvm,non_enrolled,African,28,m.0h_dcvm,
African_m.0h_dpyh/m.0h_dpyh_0001.jpg,m.0h_dpyh_0001,m.0h_dpyh,non_enrolled,African,21,m.0h_dpyh,
African_m.0h_gj5x/m.0h_gj5x_0001.jpg,m.0h_gj5x_0001,m.0h_gj5x,non_enrolled,African,19,m.0h_gj5x,
African_m.0j3gtc7/m.0j3gtc7_0002.jpg,m.0j3gtc7_0002,m.0j3gtc7,non_enrolled,African,24,m.0j3gtc7,
African_m.0j67l3_/m.0j67l3__0003.jpg,m.0j67l3__0003,m.0j67l3_,non_enrolled,African,27,m.0j67l3_,
African_m.0j9ky3z/m.0j9ky3z_0001.jpg,m.0j9ky3z_0001,m.0j9ky3z,non_enrolled,African,24,m.0j9ky3z,
African_m.0jl1f7x/m.0jl1f7x_0002.jpg,m.0jl1f7x_0002,m.0jl1f7x,non_enrolled,African,34,m.0jl1f7x,
African_m.0k0qtwt/m.0k0qtwt_0002.jpg,m.0k0qtwt_0002,m.0k0qtwt,non_enrolled,African,37,m.0k0qtwt,
African_m.0kvclh4/m.0kvclh4_0001.jpg,m.0kvclh4_0001,m.0kvclh4,non_enrolled,African,19,m.0kvclh4,
African_m.0mc36/m.0mc36_0001.jpg,m.0mc36_0001,m.0mc36,non_enrolled,African,52,m.0mc36,
African_m.0p3qr00/m.0p3qr00_0003.jpg,m.0p3qr00_0003,m.0p3qr00,non_enrolled,African,23,m.0p3qr00,
African_m.0qft6yv/m.0qft6yv_0001.jpg,m.0qft6yv_0001,m.0qft6yv,non_enrolled,African,20,m.0qft6yv,
African_m.0r8x_gx/m.0r8x_gx_0001.jpg,m.0r8x_gx_0001,m.0r8x_gx,non_enrolled,African,23,m.0r8x_gx,
Asian_m.01m49_z/m.01m49_z_0002.jpg,m.01m49_z_0002,m.01m49_z,non_enrolled,Asian,26,m.01m49_z,
Asian_m.025wqwh/m.025wqwh_0001.jpg,m.025wqwh_0001,m.025wqwh,non_enrolled,Asian,31,m.025wqwh,
Asian_m.02605bs/m.02605bs_0003.jpg,m.02605bs_0003,m.02605bs,non_enrolled,Asian,19,m.02605bs,
Asian_m.0265y64/m.0265y64_0002.jpg,m.0265y64_0002,m.0265y64,non_enrolled,Asian,23,m.0265y64,
Asian_m.027x4_k/m.027x4_k_0001.jpg,m.027x4_k_0001,m.027x4_k,non_enrolled,Asian,28,m.027x4_k,
Asian_m.027z7h7/m.027z7h7_0001.jpg,m.027z7h7_0001,m.027z7h7,non_enrolled,Asian,19,m.027z7h7,
Asian_m.02nkmb/m.02nkmb_0002.jpg,m.02nkmb_0002,m.02nkmb,non_enrolled,Asian,47,m.02nkmb,
Asian_m.02pybrl/m.02pybrl_0002.jpg,m.02pybrl_0002,m.02pybrl,non_enrolled,Asian,47,m.02pybrl,
Asian_m.02q283/m.02q283_0002.jpg,m.02q283_0002,m.02q283,non_enrolled,Asian,74,m.02q283,
Asian_m.02qtd23/m.02qtd23_0002.jpg,m.02qtd23_0002,m.02qtd23,non_enrolled,Asian,22,m.02qtd23,
Asian_m.02rzm97/m.02rzm97_0001.jpg,m.02rzm97_0001,m.02rzm97,non_enrolled,Asian,30,m.02rzm97,
Asian_m.02tcmt/m.02tcmt_0001.jpg,m.02tcmt_0001,m.02tcmt,non_enrolled,Asian,37,m.02tcmt,
Asian_m.02z0qb9/m.02z0qb9_0004.jpg,m.02z0qb9_0004,m.02z0qb9,non_enrolled,Asian,19,m.02z0qb9,
Asian_m.02z0qkj/m.02z0qkj_0001.jpg,m.02z0qkj_0001,m.02z0qkj,non_enrolled,Asian,33,m.02z0qkj,
Asian_m.0361yr/m.0361yr_0001.jpg,m.0361yr_0001,m.0361yr,non_enrolled,Asian,30,m.0361yr,
Asian_m.0377cl/m.0377cl_0002.jpg,m.0377cl_0002,m.0377cl,non_enrolled,Asian,40,m.0377cl,
Asian_m.03bdj5/m.03bdj5_0002.jpg,m.03bdj5_0002,m.03bdj5,non_enrolled,Asian,29,m.03bdj5,
Asian_m.03m42v3/m.03m42v3_0005.jpg,m.03m42v3_0005,m.03m42v3,non_enrolled,Asian,20,m.03m42v3,
Asian_m.03m4wm0/m.03m4wm0_0002.jpg,m.03m4wm0_0002,m.03m4wm0,non_enrolled,Asian,41,m.03m4wm0,
Asian_m.03mhgl0/m.03mhgl0_0001.jpg,m.03mhgl0_0001,m.03mhgl0,non_enrolled,Asian,51,m.03mhgl0,
Asian_m.03qqkg/m.03qqkg_0001.jpg,m.03qqkg_0001,m.03qqkg,non_enrolled,Asian,22,m.03qqkg,
Asian_m.03tshx/m.03tshx_0002.jpg,m.03tshx_0002,m.03tshx,non_enrolled,Asian,26,m.03tshx,
Asian_m.043sdm_/m.043sdm__0003.jpg,m.043sdm__0003,m.043sdm_,non_enrolled,Asian,36,m.043sdm_,
Asian_m.04f4_6q/m.04f4_6q_0003.jpg,m.04f4_6q_0003,m.04f4_6q,non_enrolled,Asian,23,m.04f4_6q,
Asian_m.04k4g8/m.04k4g8_0003.jpg,m.04k4g8_0003,m.04k4g8,non_enrolled,Asian,28,m.04k4g8,
Asian_m.04kxwk/m.04kxwk_0001.jpg,m.04kxwk_0001,m.04kxwk,non_enrolled,Asian,32,m.04kxwk,
Asian_m.04nzf7/m.04nzf7_0003.jpg,m.04nzf7_0003,m.04nzf7,non_enrolled,Asian,33,m.04nzf7,
Asian_m.04q2792/m.04q2792_0003.jpg,m.04q2792_0003,m.04q2792,non_enrolled,Asian,19,m.04q2792,
Asian_m.04ydpy4/m.04ydpy4_0003.jpg,m.04ydpy4_0003,m.04ydpy4,non_enrolled,Asian,33,m.04ydpy4,
Asian_m.05741l/m.05741l_0001.jpg,m.05741l_0001,m.05741l,non_enrolled,Asian,43,m.05741l,
Asian_m.057tnv/m.057tnv_0002.jpg,m.057tnv_0002,m.057tnv,non_enrolled,Asian,22,m.057tnv,
Asian_m.05fwlf/m.05fwlf_0004.jpg,m.05fwlf_0004,m.05fwlf,non_enrolled,Asian,23,m.05fwlf,
Asian_m.05lk_d/m.05lk_d_0002.jpg,m.05lk_d_0002,m.05lk_d,non_enrolled,Asian,29,m.05lk_d,
Asian_m.05mz42q/m.05mz42q_0001.jpg,m.05mz42q_0001,m.05mz42q,non_enrolled,Asian,21,m.05mz42q,
Asian_m.05nxb_/m.05nxb__0001.jpg,m.05nxb__0001,m.05nxb_,non_enrolled,Asian,45,m.05nxb_,
Asian_m.05zk65x/m.05zk65x_0003.jpg,m.05zk65x_0003,m.05zk65x,non_enrolled,Asian,23,m.05zk65x,
Asian_m.05znvh4/m.05znvh4_0002.jpg,m.05znvh4_0002,m.05znvh4,non_enrolled,Asian,21,m.05znvh4,
Asian_m.064kgq3/m.064kgq3_0001.jpg,m.064kgq3_0001,m.064kgq3,non_enrolled,Asian,22,m.064kgq3,
Asian_m.0659sj/m.0659sj_0003.jpg,m.0659sj_0003,m.0659sj,non_enrolled,Asian,28,m.0659sj,
Asian_m.067q5t/m.067q5t_0002.jpg,m.067q5t_0002,m.067q5t,non_enrolled,Asian,55,m.067q5t,
Asian_m.06q_wv/m.06q_wv_0003.jpg,m.06q_wv_0003,m.06q_wv,non_enrolled,Asian,27,m.06q_wv,
Asian_m.06z07h/m.06z07h_0003.jpg,m.06z07h_0003,m.06z07h,non_enrolled,Asian,22,m.06z07h,
Asian_m.0775f3/m.0775f3_0001.jpg,m.0775f3_0001,m.0775f3,non_enrolled,Asian,20,m.0775f3,
Asian_m.08nsyz4/m.08nsyz4_0001.jpg,m.08nsyz4_0001,m.08nsyz4,non_enrolled,Asian,21,m.08nsyz4,
Asian_m.09f57q/m.09f57q_0003.jpg,m.09f57q_0003,m.09f57q,non_enrolled,Asian,30,m.09f57q,
Asian_m.09qqd7/m.09qqd7_0002.jpg,m.09qqd7_0002,m.09qqd7,non_enrolled,Asian,38,m.09qqd7,
Asian_m.09zbx4/m.09zbx4_0003.jpg,m.09zbx4_0003,m.09zbx4,non_enrolled,Asian,21,m.09zbx4,
Asian_m.0bj77lx/m.0bj77lx_0002.jpg,m.0bj77lx_0002,m.0bj77lx,non_enrolled,Asian,26,m.0bj77lx,
Asian_m.0bkjyt/m.0bkjyt_0002.jpg,m.0bkjyt_0002,m.0bkjyt,non_enrolled,Asian,23,m.0bkjyt,
Asian_m.0bmqj0/m.0bmqj0_0001.jpg,m.0bmqj0_0001,m.0bmqj0,non_enrolled,Asian,28,m.0bmqj0,
Asian_m.0bs56dh/m.0bs56dh_0002.jpg,m.0bs56dh_0002,m.0bs56dh,non_enrolled,Asian,74,m.0bs56dh,
Asian_m.0byhnl/m.0byhnl_0003.jpg,m.0byhnl_0003,m.0byhnl,non_enrolled,Asian,19,m.0byhnl,
Asian_m.0cj071/m.0cj071_0001.jpg,m.0cj071_0001,m.0cj071,non_enrolled,Asian,19,m.0cj071,
Asian_m.0ctrtr/m.0ctrtr_0002.jpg,m.0ctrtr_0002,m.0ctrtr,non_enrolled,Asian,20,m.0ctrtr,
Asian_m.0dgpmgw/m.0dgpmgw_0003.jpg,m.0dgpmgw_0003,m.0dgpmgw,non_enrolled,Asian,42,m.0dgpmgw,
Asian_m.0dr2_4/m.0dr2_4_0001.jpg,m.0dr2_4_0001,m.0dr2_4,non_enrolled,Asian,29,m.0dr2_4,
Asian_m.0fnz3z/m.0fnz3z_0002.jpg,m.0fnz3z_0002,m.0fnz3z,non_enrolled,Asian,24,m.0fnz3z,
Asian_m.0g53y0h/m.0g53y0h_0003.jpg,m.0g53y0h_0003,m.0g53y0h,non_enrolled,Asian,33,m.0g53y0h,
Asian_m.0gc69ms/m.0gc69ms_0005.jpg,m.0gc69ms_0005,m.0gc69ms,non_enrolled,Asian,19,m.0gc69ms,
Asian_m.0gc6z2n/m.0gc6z2n_0003.jpg,m.0gc6z2n_0003,m.0gc6z2n,non_enrolled,Asian,24,m.0gc6z2n,
Asian_m.0gvskgh/m.0gvskgh_0001.jpg,m.0gvskgh_0001,m.0gvskgh,non_enrolled,Asian,20,m.0gvskgh,
Asian_m.0h7m3hg/m.0h7m3hg_0001.jpg,m.0h7m3hg_0001,m.0h7m3hg,non_enrolled,Asian,19,m.0h7m3hg,
Asian_m.0h7qvv8/m.0h7qvv8_0001.jpg,m.0h7qvv8_0001,m.0h7qvv8,non_enrolled,Asian,29,m.0h7qvv8,
Asian_m.0j3g6p0/m.0j3g6p0_0004.jpg,m.0j3g6p0_0004,m.0j3g6p0,non_enrolled,Asian,20,m.0j3g6p0,
Asian_m.0k8nyxq/m.0k8nyxq_0001.jpg,m.0k8nyxq_0001,m.0k8nyxq,non_enrolled,Asian,24,m.0k8nyxq,
Asian_m.0kbgjy5/m.0kbgjy5_0003.jpg,m.0kbgjy5_0003,m.0kbgjy5,non_enrolled,Asian,20,m.0kbgjy5,
Asian_m.0nb1vbc/m.0nb1vbc_0002.jpg,m.0nb1vbc_0002,m.0nb1vbc,non_enrolled,Asian,21,m.0nb1vbc,
Asian_m.0ngt980/m.0ngt980_0004.jpg,m.0ngt980_0004,m.0ngt980,non_enrolled,Asian,21,m.0ngt980,
Asian_m.0rpftqy/m.0rpftqy_0002.jpg,m.0rpftqy_0002,m.0rpftqy,non_enrolled,Asian,48,m.0rpftqy,
Asian_m.0w330cx/m.0w330cx_0001.jpg,m.0w330cx_0001,m.0w330cx,non_enrolled,Asian,39,m.0w330cx,
Caucasian_m.011_2h/m.011_2h_0003.jpg,m.011_2h_0003,m.011_2h,non_enrolled,Caucasian,26,m.011_2h,
Caucasian_m.012prx/m.012prx_0002.jpg,m.012prx_0002,m.012prx,non_enrolled,Caucasian,47,m.012prx,
Caucasian_m.015rp8/m.015rp8_0002.jpg,m.015rp8_0002,m.015rp8,non_enrolled,Caucasian,42,m.015rp8,
Caucasian_m.016hgp/m.016hgp_0002.jpg,m.016hgp_0002,m.016hgp,non_enrolled,Caucasian,72,m.016hgp,
Caucasian_m.01dml6/m.01dml6_0001.jpg,m.01dml6_0001,m.01dml6,non_enrolled,Caucasian,39,m.01dml6,
Caucasian_m.01g00c/m.01g00c_0001.jpg,m.01g00c_0001,m.01g00c,non_enrolled,Caucasian,32,m.01g00c,
Caucasian_m.01qhmft/m.01qhmft_0001.jpg,m.01qhmft_0001,m.01qhmft,non_enrolled,Caucasian,52,m.01qhmft,
Caucasian_m.021vwt/m.021vwt_0001.jpg,m.021vwt_0001,m.021vwt,non_enrolled,Caucasian,54,m.021vwt,
Caucasian_m.026n0x_/m.026n0x__0001.jpg,m.026n0x__0001,m.026n0x_,non_enrolled,Caucasian,26,m.026n0x_,
Caucasian_m.026w37k/m.026w37k_0001.jpg,m.026w37k_0001,m.026w37k,non_enrolled,Caucasian,24,m.026w37k,
Caucasian_m.027b33j/m.027b33j_0001.jpg,m.027b33j_0001,m.027b33j,non_enrolled,Caucasian,25,m.027b33j,
Caucasian_m.0287_p/m.0287_p_0002.jpg,m.0287_p_0002,m.0287_p,non_enrolled,Caucasian,19,m.0287_p,
Caucasian_m.028tyf/m.028tyf_0002.jpg,m.028tyf_0002,m.028tyf,non_enrolled,Caucasian,57,m.028tyf,
Caucasian_m.02hg4r/m.02hg4r_0001.jpg,m.02hg4r_0001,m.02hg4r,non_enrolled,Caucasian,31,m.02hg4r,
Caucasian_m.02q77y6/m.02q77y6_0002.jpg,m.02q77y6_0002,m.02q77y6,non_enrolled,Caucasian,43,m.02q77y6,
Caucasian_m.02r2pg/m.02r2pg_0001.jpg,m.02r2pg_0001,m.02r2pg,non_enrolled,Caucasian,53,m.02r2pg,
Caucasian_m.02rx86/m.02rx86_0001.jpg,m.02rx86_0001,m.02rx86,non_enrolled,Caucasian,34,m.02rx86,
Caucasian_m.02w20rn/m.02w20rn_0003.jpg,m.02w20rn_0003,m.02w20rn,non_enrolled,Caucasian,47,m.02w20rn,
Caucasian_m.02wx53z/m.02wx53z_0001.jpg,m.02wx53z_0001,m.02wx53z,non_enrolled,Caucasian,46,m.02wx53z,
Caucasian_m.02z1ff7/m.02z1ff7_0001.jpg,m.02z1ff7_0001,m.02z1ff7,non_enrolled,Caucasian,35,m.02z1ff7,
Caucasian_m.037t34/m.037t34_0002.jpg,m.037t34_0002,m.037t34,non_enrolled,Caucasian,54,m.037t34,
Caucasian_m.03crncf/m.03crncf_0001.jpg,m.03crncf_0001,m.03crncf,non_enrolled,Caucasian,34,m.03crncf,
Caucasian_m.03gr2g0/m.03gr2g0_0001.jpg,m.03gr2g0_0001,m.03gr2g0,non_enrolled,Caucasian,28,m.03gr2g0,
Caucasian_m.03hjzfd/m.03hjzfd_0001.jpg,m.03hjzfd_0001,m.03hjzfd,non_enrolled,Caucasian,24,m.03hjzfd,
Caucasian_m.03k95p/m.03k95p_0003.jpg,m.03k95p_0003,m.03k95p,non_enrolled,Caucasian,46,m.03k95p,
Caucasian_m.03mhsl/m.03mhsl_0004.jpg,m.03mhsl_0004,m.03mhsl,non_enrolled,Caucasian,19,m.03mhsl,
Caucasian_m.03qgk5p/m.03qgk5p_0001.jpg,m.03qgk5p_0001,m.03qgk5p,non_enrolled,Caucasian,33,m.03qgk5p,
Caucasian_m.03qlhm5/m.03qlhm5_0002.jpg,m.03qlhm5_0002,m.03qlhm5,non_enrolled,Caucasian,28,m.03qlhm5,
Caucasian_m.0469ym/m.0469ym_0002.jpg,m.0469ym_0002,m.0469ym,non_enrolled,Caucasian,28,m.0469ym,
Caucasian_m.046k2j/m.046k2j_0001.jpg,m.046k2j_0001,m.046k2j,non_enrolled,Caucasian,48,m.046k2j,
Caucasian_m.047qk72/m.047qk72_0001.jpg,m.047qk72_0001,m.047qk72,non_enrolled,Caucasian,30,m.047qk72,
Caucasian_m.04k4jh/m.04k4jh_0002.jpg,m.04k4jh_0002,m.04k4jh,non_enrolled,Caucasian,27,m.04k4jh,
Caucasian_m.04lvjw/m.04lvjw_0003.jpg,m.04lvjw_0003,m.04lvjw,non_enrolled,Caucasian,44,m.04lvjw,
Caucasian_m.04wc1h/m.04wc1h_0002.jpg,m.04wc1h_0002,m.04wc1h,non_enrolled,Caucasian,43,m.04wc1h,
Caucasian_m.051yv36/m.051yv36_0003.jpg,m.051yv36_0003,m.051yv36,non_enrolled,Caucasian,28,m.051yv36,
Caucasian_m.052_0jg/m.052_0jg_0001.jpg,m.052_0jg_0001,m.052_0jg,non_enrolled,Caucasian,20,m.052_0jg,
Caucasian_m.057dz9/m.057dz9_0001.jpg,m.057dz9_0001,m.057dz9,non_enrolled,Caucasian,35,m.057dz9,
Caucasian_m.05985b/m.05985b_0003.jpg,m.05985b_0003,m.05985b,non_enrolled,Caucasian,58,m.05985b,
Caucasian_m.05b0jw/m.05b0jw_0002.jpg,m.05b0jw_0002,m.05b0jw,non_enrolled,Caucasian,58,m.05b0jw,
Caucasian_m.05bd3h/m.05bd3h_0001.jpg,m.05bd3h_0001,m.05bd3h,non_enrolled,Caucasian,49,m.05bd3h,
Caucasian_m.05cgsr/m.05cgsr_0002.jpg,m.05cgsr_0002,m.05cgsr,non_enrolled,Caucasian,50,m.05cgsr,
Caucasian_m.05nzzv/m.05nzzv_0002.jpg,m.05nzzv_0002,m.05nzzv,non_enrolled,Caucasian,37,m.05nzzv,
Caucasian_m.05q95w1/m.05q95w1_0002.jpg,m.05q95w1_0002,m.05q95w1,non_enrolled,Caucasian,32,m.05q95w1,
Caucasian_m.05t2cs/m.05t2cs_0002.jpg,m.05t2cs_0002,m.05t2cs,non_enrolled,Caucasian,44,m.05t2cs,
Caucasian_m.05vqg/m.05vqg_0003.jpg,m.05vqg_0003,m.05vqg,non_enrolled,Caucasian,40,m.05vqg,
Caucasian_m.060ckn/m.060ckn_0004.jpg,m.060ckn_0004,m.060ckn,non_enrolled,Caucasian,21,m.060ckn,
Caucasian_m.061b24/m.061b24_0003.jpg,m.061b24_0003,m.061b24,non_enrolled,Caucasian,23,m.061b24,
Caucasian_m.06syjf/m.06syjf_0002.jpg,m.06syjf_0002,m.06syjf,non_enrolled,Caucasian,47,m.06syjf,
Caucasian_m.06_mt7/m.06_mt7_0001.jpg,m.06_mt7_0001,m.06_mt7,non_enrolled,Caucasian,44,m.06_mt7,
Caucasian_m.075ms_/m.075ms__0003.jpg,m.075ms__0003,m.075ms_,non_enrolled,Caucasian,20,m.075ms_,
Caucasian_m.076tn97/m.076tn97_0003.jpg,m.076tn97_0003,m.076tn97,non_enrolled,Caucasian,23,m.076tn97,
Caucasian_m.07d7xv/m.07d7xv_0003.jpg,m.07d7xv_0003,m.07d7xv,non_enrolled,Caucasian,26,m.07d7xv,
Caucasian_m.07kd18r/m.07kd18r_0001.jpg,m.07kd18r_0001,m.07kd18r,non_enrolled,Caucasian,27,m.07kd18r,
Caucasian_m.07tmj9/m.07tmj9_0001.jpg,m.07tmj9_0001,m.07tmj9,non_enrolled,Caucasian,41,m.07tmj9,
Caucasian_m.07zsbv/m.07zsbv_0003.jpg,m.07zsbv_0003,m.07zsbv,non_enrolled,Caucasian,48,m.07zsbv,
Caucasian_m.084qjy/m.084qjy_0003.jpg,m.084qjy_0003,m.084qjy,non_enrolled,Caucasian,40,m.084qjy,
Caucasian_m.085y6t/m.085y6t_0001.jpg,m.085y6t_0001,m.085y6t,non_enrolled,Caucasian,40,m.085y6t,
Caucasian_m.088qgm/m.088qgm_0002.jpg,m.088qgm_0002,m.088qgm,non_enrolled,Caucasian,24,m.088qgm,
Caucasian_m.089hgp/m.089hgp_0001.jpg,m.089hgp_0001,m.089hgp,non_enrolled,Caucasian,46,m.089hgp,
Caucasian_m.08brxy/m.08brxy_0001.jpg,m.08brxy_0001,m.08brxy,non_enrolled,Caucasian,38,m.08brxy,
Caucasian_m.092grt/m.092grt_0003.jpg,m.092grt_0003,m.092grt,non_enrolled,Caucasian,25,m.092grt,
Caucasian_m.09571f/m.09571f_0001.jpg,m.09571f_0001,m.09571f,non_enrolled,Caucasian,20,m.09571f,
Caucasian_m.09jfhz/m.09jfhz_0002.jpg,m.09jfhz_0002,m.09jfhz,non_enrolled,Caucasian,59,m.09jfhz,
Caucasian_m.09r1n7/m.09r1n7_0002.jpg,m.09r1n7_0002,m.09r1n7,non_enrolled,Caucasian,20,m.09r1n7,
Caucasian_m.0b087y/m.0b087y_0001.jpg,m.0b087y_0001,m.0b087y,non_enrolled,Caucasian,20,m.0b087y,
Caucasian_m.0b4qm3/m.0b4qm3_0001.jpg,m.0b4qm3_0001,m.0b4qm3,non_enrolled,Caucasian,28,m.0b4qm3,
Caucasian_m.0b8_2v/m.0b8_2v_0001.jpg,m.0b8_2v_0001,m.0b8_2v,non_enrolled,Caucasian,40,m.0b8_2v,
Caucasian_m.0bq58m/m.0bq58m_0003.jpg,m.0bq58m_0003,m.0bq58m,non_enrolled,Caucasian,29,m.0bq58m,
Caucasian_m.0brpvb/m.0brpvb_0001.jpg,m.0brpvb_0001,m.0brpvb,non_enrolled,Caucasian,40,m.0brpvb,
Caucasian_m.0bzjb4/m.0bzjb4_0001.jpg,m.0bzjb4_0001,m.0bzjb4,non_enrolled,Caucasian,57,m.0bzjb4,
Caucasian_m.0bzpc2/m.0bzpc2_0001.jpg,m.0bzpc2_0001,m.0bzpc2,non_enrolled,Caucasian,22,m.0bzpc2,
Caucasian_m.0cgx_p/m.0cgx_p_0002.jpg,m.0cgx_p_0002,m.0cgx_p,non_enrolled,Caucasian,49,m.0cgx_p,
Caucasian_m.0czc050/m.0czc050_0001.jpg,m.0czc050_0001,m.0czc050,non_enrolled,Caucasian,49,m.0czc050,
Caucasian_m.0czgtb/m.0czgtb_0002.jpg,m.0czgtb_0002,m.0czgtb,non_enrolled,Caucasian,38,m.0czgtb,
Caucasian_m.0dg0v6/m.0dg0v6_0001.jpg,m.0dg0v6_0001,m.0dg0v6,non_enrolled,Caucasian,55,m.0dg0v6,
Caucasian_m.0ds9hhq/m.0ds9hhq_0001.jpg,m.0ds9hhq_0001,m.0ds9hhq,non_enrolled,Caucasian,25,m.0ds9hhq,
Caucasian_m.0dyhsl/m.0dyhsl_0002.jpg,m.0dyhsl_0002,m.0dyhsl,non_enrolled,Caucasian,23,m.0dyhsl,
Caucasian_m.0f3zf_/m.0f3zf__0001.jpg,m.0f3zf__0001,m.0f3zf_,non_enrolled,Caucasian,54,m.0f3zf_,
Caucasian_m.0gfhlzg/m.0gfhlzg_0001.jpg,m.0gfhlzg_0001,m.0gfhlzg,non_enrolled,Caucasian,30,m.0gfhlzg,
Caucasian_m.0gv2zl/m.0gv2zl_0003.jpg,m.0gv2zl_0003,m.0gv2zl,non_enrolled,Caucasian,24,m.0gv2zl,
Caucasian_m.0gyt6gp/m.0gyt6gp_0001.jpg,m.0gyt6gp_0001,m.0gyt6gp,non_enrolled,Caucasian,26,m.0gyt6gp,
Caucasian_m.0h5m26/m.0h5m26_0002.jpg,m.0h5m26_0002,m.0h5m26,non_enrolled,Caucasian,40,m.0h5m26,
Caucasian_m.0kg1zcd/m.0kg1zcd_0002.jpg,m.0kg1zcd_0002,m.0kg1zcd,non_enrolled,Caucasian,21,m.0kg1zcd,
Caucasian_m.0pcjw99/m.0pcjw99_0001.jpg,m.0pcjw99_0001,m.0pcjw99,non_enrolled,Caucasian,22,m.0pcjw99,
Indian_m.010g87/m.010g87_0002.jpg,m.010g87_0002,m.010g87,non_enrolled,Indian,60,m.010g87,
Indian_m.018fkc/m.018fkc_0002.jpg,m.018fkc_0002,m.018fkc,non_enrolled,Indian,56,m.018fkc,
Indian_m.019fxc/m.019fxc_0002.jpg,m.019fxc_0002,m.019fxc,non_enrolled,Indian,51,m.019fxc,
Indian_m.01mbzfm/m.01mbzfm_0002.jpg,m.01mbzfm_0002,m.01mbzfm,non_enrolled,Indian,43,m.01mbzfm,
Indian_m.01r507s/m.01r507s_0001.jpg,m.01r507s_0001,m.01r507s,non_enrolled,Indian,38,m.01r507s,
Indian_m.01t23c/m.01t23c_0002.jpg,m.01t23c_0002,m.01t23c,non_enrolled,Indian,46,m.01t23c,
Indian_m.01vb5r/m.01vb5r_0002.jpg,m.01vb5r_0002,m.01vb5r,non_enrolled,Indian,55,m.01vb5r,
Indian_m.01x9_q/m.01x9_q_0001.jpg,m.01x9_q_0001,m.01x9_q,non_enrolled,Indian,48,m.01x9_q,
Indian_m.0274j4z/m.0274j4z_0001.jpg,m.0274j4z_0001,m.0274j4z,non_enrolled,Indian,33,m.0274j4z,
Indian_m.027ztj2/m.027ztj2_0001.jpg,m.027ztj2_0001,m.027ztj2,non_enrolled,Indian,22,m.027ztj2,
Indian_m.0283qpc/m.0283qpc_0001.jpg,m.0283qpc_0001,m.0283qpc,non_enrolled,Indian,54,m.0283qpc,
Indian_m.02dh5d/m.02dh5d_0002.jpg,m.02dh5d_0002,m.02dh5d,non_enrolled,Indian,74,m.02dh5d,
Indian_m.02pxq_s/m.02pxq_s_0002.jpg,m.02pxq_s_0002,m.02pxq_s,non_enrolled,Indian,36,m.02pxq_s,
Indian_m.02q91dd/m.02q91dd_0003.jpg,m.02q91dd_0003,m.02q91dd,non_enrolled,Indian,26,m.02q91dd,
Indian_m.02q97xt/m.02q97xt_0002.jpg,m.02q97xt_0002,m.02q97xt,non_enrolled,Indian,53,m.02q97xt,
Indian_m.02qhg7v/m.02qhg7v_0002.jpg,m.02qhg7v_0002,m.02qhg7v,non_enrolled,Indian,41,m.02qhg7v,
Indian_m.02xfrd/m.02xfrd_0001.jpg,m.02xfrd_0001,m.02xfrd,non_enrolled,Indian,45,m.02xfrd,
Indian_m.02_11j/m.02_11j_0001.jpg,m.02_11j_0001,m.02_11j,non_enrolled,Indian,53,m.02_11j,
Indian_m.03c6hwt/m.03c6hwt_0002.jpg,m.03c6hwt_0002,m.03c6hwt,non_enrolled,Indian,61,m.03c6hwt,
Indian_m.03d6wsd/m.03d6wsd_0002.jpg,m.03d6wsd_0002,m.03d6wsd,non_enrolled,Indian,50,m.03d6wsd,
Indian_m.03n192/m.03n192_0001.jpg,m.03n192_0001,m.03n192,non_enrolled,Indian,26,m.03n192,
Indian_m.03nr1ky/m.03nr1ky_0001.jpg,m.03nr1ky_0001,m.03nr1ky,non_enrolled,Indian,30,m.03nr1ky,
Indian_m.03nwyvw/m.03nwyvw_0001.jpg,m.03nwyvw_0001,m.03nwyvw,non_enrolled,Indian,44,m.03nwyvw,
Indian_m.03wf59s/m.03wf59s_0002.jpg,m.03wf59s_0002,m.03wf59s,non_enrolled,Indian,37,m.03wf59s,
Indian_m.03wftq3/m.03wftq3_0002.jpg,m.03wftq3_0002,m.03wftq3,non_enrolled,Indian,55,m.03wftq3,
Indian_m.03wggnb/m.03wggnb_0002.jpg,m.03wggnb_0002,m.03wggnb,non_enrolled,Indian,33,m.03wggnb,
Indian_m.03y_np/m.03y_np_0002.jpg,m.03y_np_0002,m.03y_np,non_enrolled,Indian,52,m.03y_np,
Indian_m.03z_g7/m.03z_g7_0001.jpg,m.03z_g7_0001,m.03z_g7,non_enrolled,Indian,51,m.03z_g7,
Indian_m.03z_gl/m.03z_gl_0001.jpg,m.03z_gl_0001,m.03z_gl,non_enrolled,Indian,31,m.03z_gl,
Indian_m.04112vx/m.04112vx_0001.jpg,m.04112vx_0001,m.04112vx,non_enrolled,Indian,41,m.04112vx,
Indian_m.042wl3/m.042wl3_0001.jpg,m.042wl3_0001,m.042wl3,non_enrolled,Indian,61,m.042wl3,
Indian_m.043s1q/m.043s1q_0001.jpg,m.043s1q_0001,m.043s1q,non_enrolled,Indian,52,m.043s1q,
Indian_m.049z24/m.049z24_0002.jpg,m.049z24_0002,m.049z24,non_enrolled,Indian,39,m.049z24,
Indian_m.04gq5mw/m.04gq5mw_0001.jpg,m.04gq5mw_0001,m.04gq5mw,non_enrolled,Indian,26,m.04gq5mw,
Indian_m.04hc88/m.04hc88_0002.jpg,m.04hc88_0002,m.04hc88,non_enrolled,Indian,76,m.04hc88,
Indian_m.04rs6k/m.04rs6k_0001.jpg,m.04rs6k_0001,m.04rs6k,non_enrolled,Indian,35,m.04rs6k,
Indian_m.04y88mr/m.04y88mr_0001.jpg,m.04y88mr_0001,m.04y88mr,non_enrolled,Indian,31,m.04y88mr,
Indian_m.04zw40t/m.04zw40t_0001.jpg,m.04zw40t_0001,m.04zw40t,non_enrolled,Indian,23,m.04zw40t,
Indian_m.0515p2/m.0515p2_0004.jpg,m.0515p2_0004,m.0515p2,non_enrolled,Indian,42,m.0515p2,
Indian_m.0523j0d/m.0523j0d_0001.jpg,m.0523j0d_0001,m.0523j0d,non_enrolled,Indian,52,m.0523j0d,
Indian_m.0525_l/m.0525_l_0001.jpg,m.0525_l_0001,m.0525_l,non_enrolled,Indian,56,m.0525_l,
Indian_m.05b5fqc/m.05b5fqc_0002.jpg,m.05b5fqc_0002,m.05b5fqc,non_enrolled,Indian,38,m.05b5fqc,
Indian_m.05c19t5/m.05c19t5_0002.jpg,m.05c19t5_0002,m.05c19t5,non_enrolled,Indian,32,m.05c19t5,
Indian_m.05m5nj/m.05m5nj_0002.jpg,m.05m5nj_0002,m.05m5nj,non_enrolled,Indian,37,m.05m5nj,
Indian_m.05mqqhg/m.05mqqhg_0002.jpg,m.05mqqhg_0002,m.05mqqhg,non_enrolled,Indian,29,m.05mqqhg,
Indian_m.05mz553/m.05mz553_0002.jpg,m.05mz553_0002,m.05mz553,non_enrolled,Indian,25,m.05mz553,
Indian_m.05sxmf7/m.05sxmf7_0003.jpg,m.05sxmf7_0003,m.05sxmf7,non_enrolled,Indian,24,m.05sxmf7,
Indian_m.05zqvb4/m.05zqvb4_0001.jpg,m.05zqvb4_0001,m.05zqvb4,non_enrolled,Indian,23,m.05zqvb4,
Indian_m.0667ct/m.0667ct_0002.jpg,m.0667ct_0002,m.0667ct,non_enrolled,Indian,68,m.0667ct,
Indian_m.06w9rdb/m.06w9rdb_0002.jpg,m.06w9rdb_0002,m.06w9rdb,non_enrolled,Indian,21,m.06w9rdb,
Indian_m.06znml3/m.06znml3_0001.jpg,m.06znml3_0001,m.06znml3,non_enrolled,Indian,30,m.06znml3,
Indian_m.071vxh/m.071vxh_0002.jpg,m.071vxh_0002,m.071vxh,non_enrolled,Indian,42,m.071vxh,
Indian_m.07v2lm/m.07v2lm_0003.jpg,m.07v2lm_0003,m.07v2lm,non_enrolled,Indian,23,m.07v2lm,
Indian_m.07z6vp/m.07z6vp_0002.jpg,m.07z6vp_0002,m.07z6vp,non_enrolled,Indian,34,m.07z6vp,
Indian_m.086lpw/m.086lpw_0002.jpg,m.086lpw_0002,m.086lpw,non_enrolled,Indian,27,m.086lpw,
Indian_m.08t7tw/m.08t7tw_0001.jpg,m.08t7tw_0001,m.08t7tw,non_enrolled,Indian,38,m.08t7tw,
Indian_m.09cknn/m.09cknn_0003.jpg,m.09cknn_0003,m.09cknn,non_enrolled,Indian,42,m.09cknn,
Indian_m.09g6j79/m.09g6j79_0002.jpg,m.09g6j79_0002,m.09g6j79,non_enrolled,Indian,28,m.09g6j79,
Indian_m.09g6nzh/m.09g6nzh_0003.jpg,m.09g6nzh_0003,m.09g6nzh,non_enrolled,Indian,34,m.09g6nzh,
Indian_m.09k62cz/m.09k62cz_0002.jpg,m.09k62cz_0002,m.09k62cz,non_enrolled,Indian,39,m.09k62cz,
Indian_m.09qfk3/m.09qfk3_0003.jpg,m.09qfk3_0003,m.09qfk3,non_enrolled,Indian,19,m.09qfk3,
Indian_m.09sp8x/m.09sp8x_0001.jpg,m.09sp8x_0001,m.09sp8x,non_enrolled,Indian,37,m.09sp8x,
Indian_m.09v7wnt/m.09v7wnt_0002.jpg,m.09v7wnt_0002,m.09v7wnt,non_enrolled,Indian,35,m.09v7wnt,
Indian_m.09zf1p/m.09zf1p_0001.jpg,m.09zf1p_0001,m.09zf1p,non_enrolled,Indian,53,m.09zf1p,
Indian_m.09__7j/m.09__7j_0001.jpg,m.09__7j_0001,m.09__7j,non_enrolled,Indian,50,m.09__7j,
Indian_m.0b6m063/m.0b6m063_0002.jpg,m.0b6m063_0002,m.0b6m063,non_enrolled,Indian,36,m.0b6m063,
Indian_m.0b80cl/m.0b80cl_0002.jpg,m.0b80cl_0002,m.0b80cl,non_enrolled,Indian,49,m.0b80cl,
Indian_m.0bbzxjf/m.0bbzxjf_0001.jpg,m.0bbzxjf_0001,m.0bbzxjf,non_enrolled,Indian,28,m.0bbzxjf,
Indian_m.0bc2pk/m.0bc2pk_0002.jpg,m.0bc2pk_0002,m.0bc2pk,non_enrolled,Indian,66,m.0bc2pk,
Indian_m.0bg4mw/m.0bg4mw_0003.jpg,m.0bg4mw_0003,m.0bg4mw,non_enrolled,Indian,53,m.0bg4mw,
Indian_m.0bh8tm0/m.0bh8tm0_0002.jpg,m.0bh8tm0_0002,m.0bh8tm0,non_enrolled,Indian,21,m.0bh8tm0,
Indian_m.0br_0hp/m.0br_0hp_0002.jpg,m.0br_0hp_0002,m.0br_0hp,non_enrolled,Indian,23,m.0br_0hp,
Indian_m.0byffn/m.0byffn_0001.jpg,m.0byffn_0001,m.0byffn,non_enrolled,Indian,37,m.0byffn,
Indian_m.0c033h7/m.0c033h7_0001.jpg,m.0c033h7_0001,m.0c033h7,non_enrolled,Indian,24,m.0c033h7,
Indian_m.0c96fs/m.0c96fs_0002.jpg,m.0c96fs_0002,m.0c96fs,non_enrolled,Indian,54,m.0c96fs,
Indian_m.0c9st_/m.0c9st__0003.jpg,m.0c9st__0003,m.0c9st_,non_enrolled,Indian,26,m.0c9st_,
Indian_m.0chb6w/m.0chb6w_0001.jpg,m.0chb6w_0001,m.0chb6w,non_enrolled,Indian,46,m.0chb6w,
Indian_m.0cpx9k/m.0cpx9k_0001.jpg,m.0cpx9k_0001,m.0cpx9k,non_enrolled,Indian,48,m.0cpx9k,
Indian_m.0d9sqt/m.0d9sqt_0003.jpg,m.0d9sqt_0003,m.0d9sqt,non_enrolled,Indian,75,m.0d9sqt,
Indian_m.0dd9r6w/m.0dd9r6w_0001.jpg,m.0dd9r6w_0001,m.0dd9r6w,non_enrolled,Indian,34,m.0dd9r6w,
Indian_m.0ddf3sx/m.0ddf3sx_0002.jpg,m.0ddf3sx_0002,m.0ddf3sx,non_enrolled,Indian,31,m.0ddf3sx,
Indian_m.0dgn58t/m.0dgn58t_0002.jpg,m.0dgn58t_0002,m.0dgn58t,non_enrolled,Indian,27,m.0dgn58t,
Indian_m.0dlmq00/m.0dlmq00_0003.jpg,m.0dlmq00_0003,m.0dlmq00,non_enrolled,Indian,37,m.0dlmq00,
Indian_m.0ds7pr5/m.0ds7pr5_0001.jpg,m.0ds7pr5_0001,m.0ds7pr5,non_enrolled,Indian,38,m.0ds7pr5,
Indian_m.0frcdw/m.0frcdw_0004.jpg,m.0frcdw_0004,m.0frcdw,non_enrolled,Indian,49,m.0frcdw,
Indian_m.0g3ls/m.0g3ls_0002.jpg,m.0g3ls_0002,m.0g3ls,non_enrolled,Indian,43,m.0g3ls,
Indian_m.0gbz836/m.0gbz836_0002.jpg,m.0gbz836_0002,m.0gbz836,non_enrolled,Indian,38,m.0gbz836,
Indian_m.0gbz836/m.0gbz836_0002.jpg,m.0gbz836_0002,m.0gbz836,non_enrolled,Indian,44,m.0gbz836,
Indian_m.0gc8nv2/m.0gc8nv2_0002.jpg,m.0gc8nv2_0002,m.0gc8nv2,non_enrolled,Indian,26,m.0gc8nv2,
Indian_m.0gchc3g/m.0gchc3g_0002.jpg,m.0gchc3g_0002,m.0gchc3g,non_enrolled,Indian,34,m.0gchc3g,
Indian_m.0gcv8t/m.0gcv8t_0002.jpg,m.0gcv8t_0002,m.0gcv8t,non_enrolled,Indian,25,m.0gcv8t,
Indian_m.0gx19y9/m.0gx19y9_0001.jpg,m.0gx19y9_0001,m.0gx19y9,non_enrolled,Indian,23,m.0gx19y9,
Indian_m.0gyvg5/m.0gyvg5_0002.jpg,m.0gyvg5_0002,m.0gyvg5,non_enrolled,Indian,55,m.0gyvg5,
Indian_m.0h3vyzy/m.0h3vyzy_0002.jpg,m.0h3vyzy_0002,m.0h3vyzy,non_enrolled,Indian,31,m.0h3vyzy,
Indian_m.0h71c44/m.0h71c44_0001.jpg,m.0h71c44_0001,m.0h71c44,non_enrolled,Indian,43,m.0h71c44,
Indian_m.0h9448x/m.0h9448x_0003.jpg,m.0h9448x_0003,m.0h9448x,non_enrolled,Indian,19,m.0h9448x,
Indian_m.0hgqsb_/m.0hgqsb__0001.jpg,m.0hgqsb__0001,m.0hgqsb_,non_enrolled,Indian,50,m.0hgqsb_,
Indian_m.0hht5gt/m.0hht5gt_0003.jpg,m.0hht5gt_0003,m.0hht5gt,non_enrolled,Indian,21,m.0hht5gt,
Indian_m.0hncksb/m.0hncksb_0002.jpg,m.0hncksb_0002,m.0hncksb,non_enrolled,Indian,24,m.0hncksb,
Indian_m.0h_d32_/m.0h_d32__0002.jpg,m.0h_d32__0002,m.0h_d32_,non_enrolled,Indian,25,m.0h_d32_,
Indian_m.0j43qzd/m.0j43qzd_0001.jpg,m.0j43qzd_0001,m.0j43qzd,non_enrolled,Indian,34,m.0j43qzd,
Indian_m.0j49qzy/m.0j49qzy_0001.jpg,m.0j49qzy_0001,m.0j49qzy,non_enrolled,Indian,36,m.0j49qzy,
Indian_m.0jbc3/m.0jbc3_0002.jpg,m.0jbc3_0002,m.0jbc3,non_enrolled,Indian,43,m.0jbc3,
Indian_m.0jkv_y7/m.0jkv_y7_0002.jpg,m.0jkv_y7_0002,m.0jkv_y7,non_enrolled,Indian,25,m.0jkv_y7,
Indian_m.0j_9xt/m.0j_9xt_0001.jpg,m.0j_9xt_0001,m.0j_9xt,non_enrolled,Indian,49,m.0j_9xt,
Indian_m.0k_lgy/m.0k_lgy_0001.jpg,m.0k_lgy_0001,m.0k_lgy,non_enrolled,Indian,34,m.0k_lgy,
Indian_m.0r8ntwm/m.0r8ntwm_0002.jpg,m.0r8ntwm_0002,m.0r8ntwm,non_enrolled,Indian,24,m.0r8ntwm,
